Submission id,pid,Status,Custom study tncs accepted at,Started at,Completed at,Reviewed at,Archived at,Time taken,Completion code,Total approvals,Age,Sex,Ethnicity simplified,Country of birth,Country of residence,Nationality,Language,Student status,Employment status,Authenticity check: QID128,Authenticity check: QID129,Authenticity check: QID130,Authenticity check: QID131,Authenticity check: QID1717414298,Authenticity check: QID7
6991e872fc5106f4290ded12,62d43cee3d60ac98c1dcacc8,APPROVED,Not Applicable,2026-02-15T15:38:31.085000Z,2026-02-15T15:46:04.404000Z,2026-02-15T18:44:01.399000Z,2026-02-15T15:46:04.845412Z,454,CPSEFESE,11738,28,Male,White,United States,United States,United States,English,DATA_EXPIRED,DATA_EXPIRED,N/A,N/A,Pass,N/A,Pass,N/A
6991e87c7bc3dafdac41f675,6704539fe462b87182866f14,APPROVED,Not Applicable,2026-02-15T15:38:41.609000Z,2026-02-15T15:46:05.760000Z,2026-02-15T18:44:01.660000Z,2026-02-15T15:46:06.222878Z,445,CPSEFESE,5174,43,Male,White,Spain,United Kingdom,United Kingdom,English,Yes,Full-Time,N/A,N/A,Pass,N/A,Pass,N/A
6991e87e991c30606ca920b9,698d1c5be0f666bf894e5a80,APPROVED,Not Applicable,2026-02-15T15:38:42.164000Z,2026-02-15T15:41:50.577000Z,2026-02-15T18:44:01.916000Z,2026-02-15T15:41:51.037174Z,189,CPSEFESE,27,24,Male,Mixed,United States,United States,United States,English,No,Full-Time,N/A,N/A,N/A,Pass,Pass,N/A
6991e87f957467548c54fbbf,5dbf5fe16849043f135aa2c0,APPROVED,Not Applicable,2026-02-15T15:38:44.488000Z,2026-02-15T15:41:16.253000Z,2026-02-15T18:44:02.806000Z,2026-02-15T15:41:16.716804Z,152,CPSEFESE,5391,37,Male,White,United States,United Kingdom,United States,English,No,Full-Time,N/A,N/A,N/A,Pass,Pass,N/A
6991e8821462d9057825338e,69454de0266e20b4d6f6fbd9,APPROVED,Not Applicable,2026-02-15T15:41:00.316000Z,2026-02-15T15:46:34.890000Z,2026-02-15T18:44:03.196000Z,2026-02-15T15:46:35.268435Z,335,CPSEFESE,1171,51,Male,White,United States,United States,United States,English,No,Other,N/A,N/A,Pass,N/A,Pass,N/A
6991e8836e2a21e598f4ab0b,5e3d57c40d3a26000edff2e1,APPROVED,Not Applicable,2026-02-15T15:38:47.798000Z,2026-02-15T15:42:46.261000Z,2026-02-15T18:44:03.502000Z,2026-02-15T15:42:46.639713Z,239,CPSEFESE,2637,25,Male,White,United Kingdom,United Kingdom,United Kingdom,English,No,Part-Time,N/A,N/A,Pass,N/A,Pass,N/A
6991e884792a3c8d154fdb0e,696c14c4c7de2d012b0911cb,APPROVED,Not Applicable,2026-02-15T15:46:01.109000Z,2026-02-15T15:55:00.840000Z,2026-02-15T18:44:03.788000Z,2026-02-15T15:55:01.349330Z,540,CPSEFESE,361,26,Male,White,Poland,United Kingdom,Poland,Polish,No,Other,Pass,N/A,N/A,N/A,Pass,N/A
6991e8857e1bb1a4cfc0b558,629dd4199343d7710fcdb39c,APPROVED,Not Applicable,2026-02-15T15:40:56.148000Z,2026-02-15T15:48:08.605000Z,2026-02-15T18:44:04.053000Z,2026-02-15T15:48:09.010481Z,433,CPSEFESE,1771,33,Male,White,United Kingdom,United Kingdom,United Kingdom,English,No,Unemployed (and job seeking),N/A,Pass,N/A,N/A,Pass,N/A
6991e887e134732ab00bc60b,68c9a88016a72793ea49ad8c,APPROVED,Not Applicable,2026-02-15T15:38:50.875000Z,2026-02-15T15:45:33.912000Z,2026-02-15T18:44:04.340000Z,2026-02-15T15:45:34.336464Z,404,CPSEFESE,965,45,Male,White,Italy,United Kingdom,Italy,Italian,No,Full-Time,N/A,N/A,N/A,Pass,Pass,N/A
6991e88b14af378506b42bce,65e6238e5774c7e869f5defd,APPROVED,Not Applicable,2026-02-15T15:38:54.200000Z,2026-02-15T15:44:04.522000Z,2026-02-15T18:44:04.612000Z,2026-02-15T15:44:04.911851Z,311,CPSEFESE,1049,20,Male,Asian,United Kingdom,United Kingdom,United Kingdom,English,Yes,Unemployed (and job seeking),Pass,N/A,N/A,N/A,Pass,N/A
6991e88cfbc4ef7839b926b2,696014bfd6c35394d6e3cf79,APPROVED,Not Applicable,2026-02-15T15:38:57.672000Z,2026-02-15T15:43:21.474000Z,2026-02-15T18:44:04.875000Z,2026-02-15T15:43:21.872507Z,264,CPSEFESE,519,47,Male,White,United States,United States,United States,English,No,Full-Time,N/A,Pass,N/A,N/A,Pass,N/A
6991f9fced7710e5b679b822,62b35b7ceadb050497fbbe58,APPROVED,Not Applicable,2026-02-15T16:53:19.902000Z,2026-02-15T16:55:42.720000Z,2026-02-15T18:42:43.749000Z,2026-02-15T16:55:43.136610Z,143,CPSEFESE,1708,32,Female,White,United Kingdom,United Kingdom,United Kingdom,English,No,Full-Time,N/A,Pass,N/A,N/A,Pass,N/A
6991f9fd064dcdcf6769fd30,5b17642244127b00013f7f65,APPROVED,Not Applicable,2026-02-15T16:53:23.194000Z,2026-02-15T17:09:18.572000Z,2026-02-15T18:42:44.042000Z,2026-02-15T17:09:18.969654Z,956,CPSEFESE,3781,40,Female,Black,United Kingdom,United Kingdom,United Kingdom,English,No,Full-Time,N/A,N/A,N/A,Pass,N/A,N/A
6991fa00ad0a4183cd8b427e,6007421356226920359b5f3e,APPROVED,Not Applicable,2026-02-15T16:53:24.412000Z,2026-02-15T17:00:41.194000Z,2026-02-15T18:44:05.123000Z,2026-02-15T17:00:41.838606Z,437,CPSEFESE,6171,34,Male,White,United Kingdom,United Kingdom,United Kingdom,English,No,Full-Time,N/A,N/A,N/A,Pass,Pass,N/A
6991fa01c377628acc0b8bba,670fecf28d7e7a242a0d8d7b,APPROVED,Not Applicable,2026-02-15T16:53:26.151000Z,2026-02-15T16:59:07.410000Z,2026-02-15T18:42:44.330000Z,2026-02-15T16:59:07.842303Z,342,CPSEFESE,2131,48,Female,White,United States,United States,United States,English,No,Full-Time,N/A,N/A,Pass,N/A,Pass,N/A
6991fa0455ad7ff95e1c416f,575aee8152c3fe00091a6252,APPROVED,Not Applicable,2026-02-15T16:53:42.880000Z,2026-02-15T16:56:57.527000Z,2026-02-15T18:44:05.370000Z,2026-02-15T16:56:57.900071Z,195,CPSEFESE,6731,37,Male,White,United States,United States,United States,English,No,Full-Time,N/A,N/A,Pass,N/A,Pass,N/A
6991fa048434f2c020406b31,6664f7c85d3674a27eea24b7,APPROVED,Not Applicable,2026-02-15T16:53:28.588000Z,2026-02-15T16:55:36.806000Z,2026-02-15T18:42:44.646000Z,2026-02-15T16:55:37.247188Z,129,CPSEFESE,3091,35,Female,White,United States,United States,United States,English,No,Full-Time,N/A,N/A,N/A,N/A,N/A,N/A
6991fa05693c276f0bce129d,6266b0409582f553a3e10d9a,APPROVED,Not Applicable,2026-02-15T16:53:29.264000Z,2026-02-15T16:58:19.853000Z,2026-02-15T18:44:05.616000Z,2026-02-15T16:58:20.260917Z,291,CPSEFESE,4774,56,Male,White,Zimbabwe,United Kingdom,United Kingdom,English,No,Full-Time,Pass,N/A,N/A,N/A,N/A,N/A
6991fa06530b520e39121c0d,6606d4f4acdc3a6b8200c0ee,APPROVED,Not Applicable,2026-02-15T16:53:31.315000Z,2026-02-15T16:56:22.474000Z,2026-02-15T18:44:05.952000Z,2026-02-15T16:56:22.875972Z,172,CPSEFESE,2191,58,Male,White,United Kingdom,United Kingdom,United Kingdom,English,No,Full-Time,N/A,Pass,N/A,N/A,Pass,N/A
6991fa06b0958922b336a791,5b4a3ab1bc06c90001f902f4,APPROVED,Not Applicable,2026-02-15T16:53:32.710000Z,2026-02-15T16:57:42.245000Z,2026-02-15T18:42:44.892000Z,2026-02-15T16:57:42.671938Z,250,CPSEFESE,4289,42,Female,White,United Kingdom,United Kingdom,United Kingdom,English,No,Full-Time,N/A,N/A,Pass,N/A,Pass,N/A
6991fa06ed7710e5b679b825,5f5e32a0d6a12c6857b8e127,APPROVED,Not Applicable,2026-02-15T16:53:31.562000Z,2026-02-15T16:58:52.877000Z,2026-02-15T18:44:06.241000Z,2026-02-15T16:58:53.254813Z,322,CPSEFESE,11219,29,Male,White,United States,United States,United States,English,Yes,Full-Time,Pass,N/A,N/A,N/A,Pass,N/A
6991fa0727268d06b51b0109,666c7bc0c79c2f2b53f89cbf,APPROVED,Not Applicable,2026-02-15T16:53:31.940000Z,2026-02-15T16:54:36.307000Z,2026-02-15T18:42:45.135000Z,2026-02-15T16:54:37.686796Z,65,CPSEFESE,1126,57,Female,White,United Kingdom,United Kingdom,United Kingdom,English,No,Full-Time,N/A,N/A,N/A,N/A,N/A,N/A
6991fa074f02e37c78b4df7b,6316149abe5544fbe1ebd250,APPROVED,Not Applicable,2026-02-15T16:53:33.622000Z,2026-02-15T17:00:23.750000Z,2026-02-15T18:44:06.498000Z,2026-02-15T17:00:24.176271Z,411,CPSEFESE,309,35,Male,Black,United States,United States,United States,English,Yes,DATA_EXPIRED,N/A,N/A,N/A,Pass,Pass,N/A
6991fa0894f88e54b896137b,6978c3c421215e1d9b95db3d,APPROVED,Not Applicable,2026-02-15T16:53:34.042000Z,2026-02-15T17:01:52.860000Z,2026-02-15T18:42:45.388000Z,2026-02-15T17:01:53.329201Z,499,CPSEFESE,160,29,Female,White,United Kingdom,United Kingdom,United Kingdom,English,No,Full-Time,N/A,N/A,Pass,N/A,Pass,N/A
6991fa09adc17c5828d6dd3c,6941786f9acdcc0131d758a9,APPROVED,Not Applicable,2026-02-15T16:54:22.978000Z,2026-02-15T16:58:53.963000Z,2026-02-15T18:42:45.628000Z,2026-02-15T16:58:54.407265Z,271,CPSEFESE,1342,29,Female,Mixed,United States,United States,United States,English,No,Full-Time,N/A,N/A,Pass,N/A,Pass,N/A
6991fa09f09ebd9bfcc92923,63d95f053f0c6988bd100683,APPROVED,Not Applicable,2026-02-15T16:53:42.462000Z,2026-02-15T16:59:36.188000Z,2026-02-15T18:44:06.733000Z,2026-02-15T16:59:36.583876Z,354,CPSEFESE,924,25,Male,White,United States,United States,United States,English,Yes,Unemployed (and job seeking),Pass,N/A,N/A,N/A,Pass,N/A
6991fa0a10993457bc1f07e6,698f84553a42023267b6e1ca,APPROVED,Not Applicable,2026-02-15T16:53:34.087000Z,2026-02-15T16:55:07.584000Z,2026-02-15T18:44:06.971000Z,2026-02-15T16:55:08.010169Z,94,CPSEFESE,30,37,Male,White,United States,United States,United States,English,No,Full-Time,N/A,N/A,N/A,Pass,Pass,N/A
6991fa0bf2b846294d9cd330,5d2f46f4c30834001aeb5abc,APPROVED,Not Applicable,2026-02-15T16:53:35.154000Z,2026-02-15T16:56:40.015000Z,2026-02-15T18:44:07.253000Z,2026-02-15T16:56:40.383641Z,185,CPSEFESE,2917,42,Male,White,United States,United States,United States,English,No,DATA_EXPIRED,N/A,Pass,N/A,N/A,Pass,N/A
6991fa0dbc9ace3dc5af67cf,695bf39c0568ba2156eee261,APPROVED,Not Applicable,2026-02-15T16:53:40.158000Z,2026-02-15T16:56:24.715000Z,2026-02-15T18:42:45.866000Z,2026-02-15T16:56:25.137868Z,165,CPSEFESE,283,31,Female,White,United States,United States,United States,English,No,Full-Time,N/A,N/A,N/A,Pass,Pass,N/A
6991fa0efbbe56366bc67de6,5641c95d17bdbe00102a0b51,APPROVED,Not Applicable,2026-02-15T16:53:38.653000Z,2026-02-15T16:55:51.137000Z,2026-02-15T18:42:46.161000Z,2026-02-15T16:55:51.514240Z,133,CPSEFESE,3658,61,Female,White,United States,United Kingdom,United Kingdom,English,No,DATA_EXPIRED,N/A,Pass,N/A,N/A,N/A,N/A
6991fa0f910037173002f7ab,5e2872fffcdb020467d12799,APPROVED,Not Applicable,2026-02-15T16:53:41.708000Z,2026-02-15T16:57:15.345000Z,2026-02-15T18:44:07.522000Z,2026-02-15T16:57:15.748830Z,214,CPSEFESE,5010,79,Male,White,United Kingdom,United Kingdom,United Kingdom,English,No,"Not in paid work (e.g. homemaker', 'retired or disabled)",N/A,N/A,N/A,Pass,N/A,N/A
6991fa10b8dc723c1a363a29,58effc65c31d4d00015aa5b9,APPROVED,Not Applicable,2026-02-15T16:53:40.258000Z,2026-02-15T17:03:17.147000Z,2026-02-15T18:42:46.495000Z,2026-02-15T17:03:17.666549Z,577,CPSEFESE,7253,51,Female,White,United States,United States,United States,English,No,Full-Time,N/A,Pass,N/A,N/A,N/A,N/A
6991fa1270eeaba620ec2baf,601478ee2d7cc94b1f1855ec,APPROVED,Not Applicable,2026-02-15T16:54:25.212000Z,2026-02-15T17:00:53.667000Z,2026-02-15T18:44:07.777000Z,2026-02-15T17:00:54.074863Z,389,CPSEFESE,6782,48,Male,White,United States,United States,United States,English,Yes,DATA_EXPIRED,N/A,N/A,N/A,Pass,Pass,N/A
6991fa132eb5414a77683ea0,5a8b1ee2000dab00018cc7cd,APPROVED,Not Applicable,2026-02-15T16:53:43.179000Z,2026-02-15T17:00:44.765000Z,2026-02-15T18:42:46.867000Z,2026-02-15T17:00:45.240493Z,422,CPSEFESE,9602,37,Female,White,United States,United States,United States,English,No,Part-Time,N/A,N/A,Pass,N/A,Pass,N/A
6991fa137f8a9719150d4bc1,5a8edb14b093f80001a83682,APPROVED,Not Applicable,2026-02-15T16:53:45.199000Z,2026-02-15T17:02:48.796000Z,2026-02-15T18:42:47.180000Z,2026-02-15T17:02:49.214725Z,544,CPSEFESE,5087,59,Female,Black,Jamaica,United Kingdom,United Kingdom,English,No,Full-Time,N/A,N/A,Pass,N/A,Pass,N/A
6991fa1657006a8487949acc,62db0f5983e8de0a4ea4b00c,APPROVED,Not Applicable,2026-02-15T16:53:47.338000Z,2026-02-15T16:56:18.164000Z,2026-02-15T18:44:08.096000Z,2026-02-15T16:56:18.560536Z,151,CPSEFESE,899,30,Male,White,United Kingdom,United Kingdom,United Kingdom,English,No,Full-Time,N/A,N/A,N/A,Pass,Pass,N/A
6991fa171762f468046851b4,60551151f84dbb4bc80841a4,APPROVED,Not Applicable,2026-02-15T16:53:46.279000Z,2026-02-15T16:57:27.542000Z,2026-02-15T18:44:08.352000Z,2026-02-15T16:57:27.946123Z,222,CPSEFESE,273,26,Male,Mixed,United Kingdom,United Kingdom,United Kingdom,English,Yes,Full-Time,N/A,N/A,N/A,Pass,Pass,N/A
6991fa1745f98e24abe578d9,698edd69d2394e9bdebc05d5,APPROVED,Not Applicable,2026-02-15T16:53:49.203000Z,2026-02-15T16:56:13.520000Z,2026-02-15T18:44:08.606000Z,2026-02-15T16:56:13.972062Z,145,CPSEFESE,37,30,Male,Other,United States,United States,United States,English,No,"Not in paid work (e.g. homemaker', 'retired or disabled)",N/A,N/A,Pass,N/A,Pass,N/A
6991fa188a918b2bce4b2489,56b12bcb9f1826000bbcc73b,APPROVED,Not Applicable,2026-02-15T16:53:50.656000Z,2026-02-15T16:58:06.107000Z,2026-02-15T18:42:47.425000Z,2026-02-15T16:58:06.502314Z,256,CPSEFESE,1898,54,Female,White,United Kingdom,United Kingdom,United Kingdom,English,No,Part-Time,N/A,N/A,Pass,N/A,Pass,N/A
6991fa1ac4657d327aee9af2,63ed0392b8b24c34aaf26310,APPROVED,Not Applicable,2026-02-15T16:53:50.295000Z,2026-02-15T16:57:19.761000Z,2026-02-15T18:42:47.703000Z,2026-02-15T16:57:20.161024Z,210,CPSEFESE,4560,46,Female,White,Netherlands,United Kingdom,Netherlands,English,No,Part-Time,N/A,N/A,Pass,N/A,Pass,N/A
6991fa1babb4328c138bdfa7,5a9dd20b4eecca0001dd9f1d,APPROVED,Not Applicable,2026-02-15T16:54:02.303000Z,2026-02-15T16:59:26.188000Z,2026-02-15T18:44:08.846000Z,2026-02-15T16:59:26.567542Z,324,CPSEFESE,2347,43,Male,White,South Africa,United Kingdom,United Kingdom,English,No,Full-Time,N/A,Pass,N/A,N/A,Pass,N/A
6991fa1c66b8d667899a51c1,6726c172ae503d706acdc74b,APPROVED,Not Applicable,2026-02-15T16:53:52.220000Z,2026-02-15T17:10:06.930000Z,2026-02-15T18:44:09.098000Z,2026-02-15T17:10:07.328307Z,975,CPSEFESE,4089,36,Male,White,United States,United States,United States,English,No,Full-Time,N/A,N/A,Pass,N/A,Pass,N/A
6991fa1d724b7aa585948ecd,5e69747159921f000b6a17df,APPROVED,Not Applicable,2026-02-15T16:53:59.500000Z,2026-02-15T16:59:24.057000Z,2026-02-15T18:42:47.961000Z,2026-02-15T16:59:24.511981Z,325,CPSEFESE,640,42,Female,White,United States,United States,United States,English,No,DATA_EXPIRED,Pass,N/A,N/A,N/A,N/A,N/A
6991fc15d19584c621770720,697a617c5a65b0190b2fd918,APPROVED,Not Applicable,2026-02-15T17:02:17.178000Z,2026-02-15T17:05:59.160000Z,2026-02-15T18:42:48.200000Z,2026-02-15T17:05:59.562999Z,222,CPSEFESE,168,46,Female,Asian,Hong Kong,United Kingdom,United Kingdom,Cantonese,No,"Not in paid work (e.g. homemaker', 'retired or disabled)",N/A,Pass,N/A,N/A,N/A,N/A
6991fc1d2ffc0e6c957ae0b6,677723f5cb416c3806aaf069,APPROVED,Not Applicable,2026-02-15T17:02:26.222000Z,2026-02-15T17:06:18.032000Z,2026-02-15T18:42:48.432000Z,2026-02-15T17:06:18.479209Z,232,CPSEFESE,555,36,Female,Black,United Kingdom,United Kingdom,United Kingdom,English,No,Other,Pass,N/A,N/A,N/A,Pass,N/A
6991fc1e19e79e6dee3d1884,613a6564740c29f1503fa8b2,APPROVED,Not Applicable,2026-02-15T17:02:25.711000Z,2026-02-15T17:04:44.126000Z,2026-02-15T18:42:48.795000Z,2026-02-15T17:04:44.527910Z,139,NOCODE,397,30,Female,White,United Kingdom,United Kingdom,United Kingdom,English,No,Full-Time,N/A,N/A,N/A,N/A,N/A,N/A
6991fc1e910037173002f826,5e3723a2c0b2896ad554be73,APPROVED,Not Applicable,2026-02-15T17:02:28.208000Z,2026-02-15T17:12:02.577000Z,2026-02-15T18:42:49.054000Z,2026-02-15T17:12:03.049102Z,575,CPSEFESE,5248,48,Female,White,United Kingdom,United Kingdom,United Kingdom,English,No,Full-Time,Pass,N/A,N/A,N/A,Pass,N/A
6991fc1fed3d5dfb7fa2ae70,6304deb78f14a18b18ceed4a,APPROVED,Not Applicable,2026-02-15T17:02:23.024000Z,2026-02-15T17:10:06.856000Z,2026-02-15T18:44:09.341000Z,2026-02-15T17:10:07.326039Z,464,CPSEFESE,3508,41,Male,White,United Kingdom,United Kingdom,United Kingdom,English,No,Full-Time,N/A,N/A,N/A,N/A,Pass,N/A
6991fc20f39f846dea12f699,584ab3c31f819a00018695e3,APPROVED,Not Applicable,2026-02-15T17:02:30.480000Z,2026-02-15T17:06:53.137000Z,2026-02-15T18:44:09.582000Z,2026-02-15T17:06:53.527391Z,263,CPSEFESE,1918,53,Male,White,United Kingdom,United Kingdom,United Kingdom,English,No,Full-Time,N/A,N/A,N/A,Pass,Pass,N/A
6991fc245aa8ad1a9c1e1242,693b4c0ff54bd868cfb08188,APPROVED,Not Applicable,2026-02-15T17:03:01.913000Z,2026-02-15T17:11:19.463000Z,2026-02-15T18:44:09.817000Z,2026-02-15T17:11:19.959586Z,498,CPSEFESE,746,40,Male,White,United States,United States,DATA_EXPIRED,English,No,Part-Time,N/A,Pass,N/A,N/A,Pass,N/A
6991fc255c64c34f708bdfad,669a431df516aa06fd2f355e,APPROVED,Not Applicable,2026-02-15T17:02:33.657000Z,2026-02-15T17:07:11.088000Z,2026-02-15T18:42:49.348000Z,2026-02-15T17:07:11.527590Z,278,CPSEFESE,2201,25,Female,White,Germany,United States,Germany,German,No,Full-Time,N/A,Pass,N/A,N/A,Pass,N/A
6991fc29c9d3ee018bf4626d,5c91fad394f7e600172f9d4a,APPROVED,Not Applicable,2026-02-15T17:03:28.374000Z,2026-02-15T17:08:35.008000Z,2026-02-15T18:42:49.636000Z,2026-02-15T17:08:35.385516Z,307,CPSEFESE,5478,48,Female,White,United Kingdom,United Kingdom,United Kingdom,English,Yes,Part-Time,N/A,N/A,N/A,Pass,Pass,N/A
6991fc29c9d3ee018bf4626e,5f8d62a678e62303a62ed8bd,APPROVED,Not Applicable,2026-02-15T17:02:38.359000Z,2026-02-15T17:06:50.575000Z,2026-02-15T18:44:10.057000Z,2026-02-15T17:06:50.987039Z,253,CPSEFESE,2504,46,Male,White,United Kingdom,United Kingdom,United Kingdom,English,No,Full-Time,N/A,Pass,N/A,N/A,N/A,N/A
6991fc2ae22133bfaec030f4,6639151df5e0ac5d59c17055,APPROVED,Not Applicable,2026-02-15T17:02:39.102000Z,2026-02-15T17:04:37.785000Z,2026-02-15T18:42:49.886000Z,2026-02-15T17:04:38.172522Z,119,CPSEFESE,627,33,Female,White,United States,United States,United States,English,No,"Not in paid work (e.g. homemaker', 'retired or disabled)",N/A,Pass,N/A,N/A,N/A,N/A
6991fc2bae983e3b618c5ae2,5ba292385301b80001c71ba2,APPROVED,Not Applicable,2026-02-15T17:02:39.563000Z,2026-02-15T17:05:54.979000Z,2026-02-15T18:44:10.288000Z,2026-02-15T17:05:55.362282Z,196,CPSEFESE,16109,52,Male,White,United States,United States,United States,English,No,Full-Time,N/A,Pass,N/A,N/A,N/A,N/A
6991fc2e3a2767b1c92ac9a1,66e42249ff3f1be588b9bf04,APPROVED,Not Applicable,2026-02-15T17:02:42.969000Z,2026-02-15T17:06:26.158000Z,2026-02-15T18:44:10.541000Z,2026-02-15T17:06:26.530493Z,224,CPSEFESE,3790,64,Male,White,United Kingdom,United Kingdom,United Kingdom,English,No,Full-Time,N/A,N/A,Pass,N/A,Pass,N/A
6991fc2f27268d06b51b0155,671bbaf1bec15d847b871b9b,APPROVED,Not Applicable,2026-02-15T17:02:48.323000Z,2026-02-15T17:07:35.102000Z,2026-02-15T18:44:10.778000Z,2026-02-15T17:07:35.487123Z,287,CPSEFESE,6490,33,Male,Black,Kenya,United States,Kenya,English,No,Full-Time,N/A,Pass,N/A,N/A,Pass,N/A
6991fc2f9ef335731d637262,60719f4b18e2b30c9e5a562d,APPROVED,Not Applicable,2026-02-15T17:02:43.284000Z,2026-02-15T17:05:17.798000Z,2026-02-15T18:44:11.083000Z,2026-02-15T17:05:18.227669Z,155,CPSEFESE,5331,63,Male,White,United Kingdom,United Kingdom,United Kingdom,English,No,Full-Time,N/A,Pass,N/A,N/A,Pass,N/A
6991fc30dc424445e2743e13,67781d9c8126207402d7d6ba,APPROVED,Not Applicable,2026-02-15T17:02:46.829000Z,2026-02-15T17:06:21.706000Z,2026-02-15T18:42:50.133000Z,2026-02-15T17:06:22.101784Z,215,CPSEFESE,659,46,Female,Asian,United Kingdom,United Kingdom,United Kingdom,English,DATA_EXPIRED,DATA_EXPIRED,Pass,N/A,N/A,N/A,Pass,N/A
6991fc3120a2710e5a146639,5eea9efc609f0d1ad38199bd,APPROVED,Not Applicable,2026-02-15T17:02:45.159000Z,2026-02-15T17:05:47.409000Z,2026-02-15T18:42:50.373000Z,2026-02-15T17:05:47.813615Z,183,CPSEFESE,3554,56,Female,White,United Kingdom,United Kingdom,United Kingdom,English,No,Part-Time,Pass,N/A,N/A,N/A,Pass,N/A
6991fc328be228df328eed93,65bba671508af6ca50c1d469,APPROVED,Not Applicable,2026-02-15T17:02:49.506000Z,2026-02-15T17:08:37.382000Z,2026-02-15T18:42:50.619000Z,2026-02-15T17:08:37.813249Z,348,CPSEFESE,1031,64,Female,White,Poland,United Kingdom,Poland,Polish,No,"Not in paid work (e.g. homemaker', 'retired or disabled)",N/A,N/A,N/A,Pass,Pass,N/A
6991fc33e154b430abce506a,68ac59c9c8b8fd2ec3bde900,APPROVED,Not Applicable,2026-02-15T17:07:04.199000Z,2026-02-15T17:11:17.394000Z,2026-02-15T18:44:11.433000Z,2026-02-15T17:11:17.782518Z,254,CPSEFESE,58,29,Male,White,United Kingdom,United Kingdom,United Kingdom,English,No,Unemployed (and job seeking),Pass,N/A,N/A,N/A,Pass,N/A
6991fc34239ed204118254cf,5aed7ebd75deca0001626f9a,APPROVED,Not Applicable,2026-02-15T17:02:51.423000Z,2026-02-15T17:07:12.327000Z,2026-02-15T18:42:50.856000Z,2026-02-15T17:07:12.772947Z,261,CPSEFESE,2722,54,Female,White,United Kingdom,United Kingdom,United Kingdom,English,No,Part-Time,N/A,N/A,Pass,N/A,Pass,N/A
6991fc345d9b79547bfe557a,616cf9ae07c1c6bd05d95beb,APPROVED,Not Applicable,2026-02-15T17:02:49.126000Z,2026-02-15T17:07:51.179000Z,2026-02-15T18:44:11.752000Z,2026-02-15T17:07:51.566376Z,303,CPSEFESE,12651,50,Male,White,United States,United States,United States,English,No,Full-Time,N/A,N/A,N/A,Pass,Pass,N/A
6991fc35fbbe56366bc67e43,5b7fef3c6d519f000114a332,APPROVED,Not Applicable,2026-02-15T17:02:50.179000Z,2026-02-15T17:07:58.687000Z,2026-02-15T18:42:51.081000Z,2026-02-15T17:07:59.186127Z,309,CPSEFESE,2236,26,Female,White,Czech Republic,United Kingdom,Czech Republic,Czech,No,Full-Time,N/A,N/A,N/A,Pass,Pass,N/A
6991fc3673beb4943bd380b4,697cb8391753b24d465bed03,APPROVED,Not Applicable,2026-02-15T17:02:51.158000Z,2026-02-15T17:07:54.014000Z,2026-02-15T18:44:12.092000Z,2026-02-15T17:07:54.441888Z,303,CPSEFESE,138,44,Male,White,United States,United States,United States,English,No,Full-Time,N/A,N/A,N/A,Pass,Pass,N/A
6991fc3741d3d17b5a1f0771,694179d88301c400c4bbdb4d,APPROVED,Not Applicable,2026-02-15T17:03:18.117000Z,2026-02-15T17:07:48.826000Z,2026-02-15T18:42:51.338000Z,2026-02-15T17:07:49.263596Z,271,CPSEFESE,1130,33,Female,Asian,China,United States,United States,Chinese,No,Full-Time,N/A,N/A,N/A,N/A,N/A,N/A
6991fc37c246807b5e805d28,6150a7aff22eb4723de2341a,APPROVED,Not Applicable,2026-02-15T17:02:50.928000Z,2026-02-15T17:05:45.347000Z,2026-02-15T18:44:12.440000Z,2026-02-15T17:05:45.729948Z,175,CPSEFESE,3063,48,Male,White,United States,United States,United States,English,No,Full-Time,Pass,N/A,N/A,N/A,Pass,N/A
6991fc3835e0431bd79ba7c1,655e0a82d5d2084400745459,APPROVED,Not Applicable,2026-02-15T17:02:54.356000Z,2026-02-15T17:08:16.014000Z,2026-02-15T18:44:12.806000Z,2026-02-15T17:08:16.507063Z,322,CPSEFESE,1210,36,Male,White,United Kingdom,United Kingdom,United Kingdom,English,No,Full-Time,N/A,N/A,Pass,N/A,Pass,N/A
6991fc3835e0431bd79ba7c2,6978c747e184ed4d0341f8a2,APPROVED,Not Applicable,2026-02-15T17:08:21.779000Z,2026-02-15T17:11:18.304000Z,2026-02-15T18:42:51.610000Z,2026-02-15T17:11:18.695733Z,177,CPSEFESE,367,22,Female,White,United Kingdom,United Kingdom,United Kingdom,English,No,Unemployed (and job seeking),N/A,N/A,Pass,N/A,Pass,N/A
6991fc38372dd339febd4144,673c8c2a86f12a6e2c1764a4,APPROVED,Not Applicable,2026-02-15T17:02:54.941000Z,2026-02-15T17:04:45.983000Z,2026-02-15T18:42:51.877000Z,2026-02-15T17:04:46.407383Z,112,CPSEFESE,1882,36,Female,Black,Nigeria,United Kingdom,Nigeria,English,DATA_EXPIRED,Full-Time,N/A,Pass,N/A,N/A,N/A,N/A
6991fc398c73df6440465615,5875778b5c17910001ea4f35,APPROVED,Not Applicable,2026-02-15T17:03:00.540000Z,2026-02-15T17:11:30.005000Z,2026-02-15T18:44:13.090000Z,2026-02-15T17:11:30.539640Z,510,CPSEFESE,8549,46,Male,White,United Kingdom,United Kingdom,United Kingdom,English,No,Full-Time,N/A,Pass,N/A,N/A,Pass,N/A
6991fc3a5c65df6bfeb020e9,5c1021a547d07800011a23de,APPROVED,Not Applicable,2026-02-15T17:02:55.006000Z,2026-02-15T17:06:12.370000Z,2026-02-15T18:42:52.141000Z,2026-02-15T17:06:12.770356Z,198,CPSEFESE,9279,68,Female,White,United States,United States,United States,English,No,"Not in paid work (e.g. homemaker', 'retired or disabled)",N/A,Pass,N/A,N/A,Pass,N/A
6991fc3aacf213f8674b2455,671d3690dc5df6d004cfb65e,APPROVED,Not Applicable,2026-02-15T17:02:54.067000Z,2026-02-15T17:08:36.888000Z,2026-02-15T18:44:13.328000Z,2026-02-15T17:08:37.325224Z,343,CPSEFESE,3760,33,Male,White,United Kingdom,United Kingdom,United Kingdom,English,No,Full-Time,N/A,Pass,N/A,N/A,Pass,N/A
6991fc3b18735f29a8efd936,60461bfeeac81b04cf62f7a6,APPROVED,Not Applicable,2026-02-15T17:02:54.227000Z,2026-02-15T17:06:33.399000Z,2026-02-15T18:42:52.388000Z,2026-02-15T17:06:33.788194Z,220,CPSEFESE,4554,64,Female,White,Malawi,United Kingdom,United Kingdom,English,No,Part-Time,N/A,N/A,Pass,N/A,Pass,N/A
6991fc3b2775d78451c228d1,6745a3e1f805f1ca47b89afc,APPROVED,Not Applicable,2026-02-15T17:02:53.910000Z,2026-02-15T17:04:57.854000Z,2026-02-15T18:44:13.638000Z,2026-02-15T17:04:58.274530Z,124,CPSEFESE,110,28,Male,Asian,United Kingdom,United Kingdom,United Kingdom,English,No,Full-Time,N/A,N/A,Pass,N/A,Pass,N/A
6991fc3b5f7778d96c3c5d99,5ba17c2d6d7a520001bfabae,APPROVED,Not Applicable,2026-02-15T17:03:06.371000Z,2026-02-15T17:19:37.659000Z,2026-02-15T18:42:52.633000Z,2026-02-15T17:19:38.080247Z,992,CPSEFESE,2938,53,Female,White,United Kingdom,United Kingdom,United Kingdom,English,DATA_EXPIRED,Full-Time,N/A,N/A,N/A,Pass,Pass,N/A
6991fc3c5c65df6bfeb020eb,682ce21b165a9eceeaa944c1,APPROVED,Not Applicable,2026-02-15T17:02:57.972000Z,2026-02-15T17:05:50.808000Z,2026-02-15T18:44:13.928000Z,2026-02-15T17:05:51.184801Z,173,CPSEFESE,494,52,Male,White,United Kingdom,United Kingdom,United Kingdom,English,Yes,Full-Time,N/A,N/A,Pass,N/A,N/A,N/A
6991fc3ca9045e4cdc68516d,697a400388ff4bcd707cde8e,APPROVED,Not Applicable,2026-02-15T17:02:57.337000Z,2026-02-15T17:08:37.538000Z,2026-02-15T18:44:14.271000Z,2026-02-15T17:08:38.033318Z,341,CPSEFESE,661,34,Male,White,United States,United States,United States,English,No,Full-Time,N/A,N/A,Pass,N/A,N/A,N/A
6991fc3cb1d37be275eef539,695d554039bb0a58df0222ab,APPROVED,Not Applicable,2026-02-15T17:02:58.370000Z,2026-02-15T17:09:05.502000Z,2026-02-15T18:44:14.521000Z,2026-02-15T17:09:05.924286Z,368,CPSEFESE,12,30,Male,Mixed,United States,United States,DATA_EXPIRED,English,No,Full-Time,N/A,N/A,Pass,N/A,Pass,N/A
6991fc3d69c14adf9903ad4e,62eac88dc8087b43cdf64480,APPROVED,Not Applicable,2026-02-15T17:02:56.289000Z,2026-02-15T17:06:05.534000Z,2026-02-15T18:44:14.765000Z,2026-02-15T17:06:05.970593Z,190,CPSEFESE,664,25,Male,White,United Kingdom,United Kingdom,United Kingdom,English,DATA_EXPIRED,DATA_EXPIRED,N/A,Pass,N/A,N/A,Pass,N/A
6991fc3f6029738c91f0de24,66929a6a268ccf0d6fce0d52,APPROVED,Not Applicable,2026-02-15T17:03:04.391000Z,2026-02-15T17:09:39.381000Z,2026-02-15T18:42:52.881000Z,2026-02-15T17:09:39.902924Z,395,CPSEFESE,1772,59,Female,White,United Kingdom,United Kingdom,United Kingdom,English,No,DATA_EXPIRED,N/A,N/A,Pass,N/A,Pass,N/A
6991fc3f8c73df6440465617,63d6873b65a6170d64a652f6,APPROVED,Not Applicable,2026-02-15T17:03:01.486000Z,2026-02-15T17:10:16.067000Z,2026-02-15T18:44:15.016000Z,2026-02-15T17:10:16.575442Z,435,CPSEFESE,9753,43,Male,White,United States,United States,United States,English,No,Unemployed (and job seeking),N/A,N/A,N/A,Pass,Pass,N/A
6991fc41adc17c5828d6ddb3,5cb9ca6814b3cb0017e4f7dd,APPROVED,Not Applicable,2026-02-15T17:03:02.932000Z,2026-02-15T17:07:08.405000Z,2026-02-15T18:44:15.253000Z,2026-02-15T17:07:08.788759Z,246,CPSEFESE,4841,42,Male,White,United States,United States,United States,English,No,Full-Time,N/A,N/A,Pass,N/A,Pass,N/A
6991fc41e1906997f53d0c6d,60c969c12749ced10866921d,APPROVED,Not Applicable,2026-02-15T17:03:27.611000Z,2026-02-15T17:06:46.061000Z,2026-02-15T18:44:15.503000Z,2026-02-15T17:06:46.464026Z,199,CPSEFESE,11525,63,Male,White,United States,United States,United States,English,No,Full-Time,N/A,Pass,N/A,N/A,N/A,N/A
6991fc42e0b35f50887b40a1,5ded58a8217786000b2b2511,APPROVED,Not Applicable,2026-02-15T17:04:27.898000Z,2026-02-15T17:22:11.686000Z,2026-02-15T18:44:15.752000Z,2026-02-15T17:22:12.156982Z,1064,CPSEFESE,4130,69,Male,White,United Kingdom,United Kingdom,United Kingdom,English,No,"Not in paid work (e.g. homemaker', 'retired or disabled)",N/A,Pass,N/A,N/A,Pass,N/A
6991fc446a8011124f9613b3,60fcf8392a83ae1b971d1199,APPROVED,Not Applicable,2026-02-15T17:03:04.084000Z,2026-02-15T17:05:33.217000Z,2026-02-15T18:42:53.103000Z,2026-02-15T17:05:33.775624Z,150,CPSEFESE,5717,28,Female,White,United States,United States,United States,English,No,Full-Time,Pass,N/A,N/A,N/A,Pass,N/A
6991fc44b1d37be275eef53e,558ffe16fdf99b3f7aada34d,APPROVED,Not Applicable,2026-02-15T17:03:07.821000Z,2026-02-15T17:07:19.479000Z,2026-02-15T18:42:53.355000Z,2026-02-15T17:07:19.873795Z,252,CPSEFESE,11739,39,Female,White,United States,United States,United States,English,No,Full-Time,N/A,N/A,Pass,N/A,N/A,N/A
6991fc459296d12951890c63,5ba0181462e04c0001f76d2b,APPROVED,Not Applicable,2026-02-15T17:03:23.044000Z,2026-02-15T17:06:24.988000Z,2026-02-15T18:42:53.580000Z,2026-02-15T17:06:25.387314Z,182,CPSEFESE,4556,55,Female,White,United Kingdom,United Kingdom,United Kingdom,English,No,Part-Time,N/A,Pass,N/A,N/A,Pass,N/A
6991fc45c1dd68de738cf422,5ea1e407df1e160c7db497c7,APPROVED,Not Applicable,2026-02-15T17:03:11.907000Z,2026-02-15T17:06:16.866000Z,2026-02-15T18:44:15.982000Z,2026-02-15T17:06:17.302199Z,185,CPSEFESE,3220,70,Male,White,United Kingdom,United Kingdom,United Kingdom,English,No,"Not in paid work (e.g. homemaker', 'retired or disabled)",N/A,Pass,N/A,N/A,N/A,N/A
6991fc469d6dcff12d716a50,6600a9a3456d34307e6b48fa,APPROVED,Not Applicable,2026-02-15T17:03:05.956000Z,2026-02-15T17:06:17.596000Z,2026-02-15T18:44:16.216000Z,2026-02-15T17:06:17.983187Z,192,CPSEFESE,1273,25,Male,White,United States,United States,United States,English,No,Part-Time,Pass,N/A,N/A,N/A,Pass,N/A
6991fc46acf213f8674b245b,583b397f54686200010f1d20,APPROVED,Not Applicable,2026-02-15T17:03:05.053000Z,2026-02-15T17:11:15.545000Z,2026-02-15T18:42:54.436000Z,2026-02-15T17:11:16.008282Z,491,CPSEFESE,17976,54,Female,Black,United States,United States,United States,English,No,Full-Time,N/A,Pass,N/A,N/A,Pass,N/A
6991fc476726691c4368d032,66c4f3cb14cbfc4db836bd4e,APPROVED,Not Applicable,2026-02-15T17:03:07.267000Z,2026-02-15T17:07:43.072000Z,2026-02-15T18:42:54.691000Z,2026-02-15T17:07:43.436987Z,276,CPSEFESE,4678,52,Female,White,United States,United States,United States,English,No,"Not in paid work (e.g. homemaker', 'retired or disabled)",N/A,Pass,N/A,N/A,Pass,N/A
6991fc48aa6bd204f8777b1c,63528ba658761afebd9f2925,APPROVED,Not Applicable,2026-02-15T17:03:09.246000Z,2026-02-15T17:05:27.617000Z,2026-02-15T18:42:54.944000Z,2026-02-15T17:05:28.025803Z,139,CPSEFESE,1501,38,Female,White,United States,United States,United States,English,No,Full-Time,N/A,Pass,N/A,N/A,Pass,N/A
6991fc495aa8ad1a9c1e1249,5e1103e212e922000bc4bdf9,APPROVED,Not Applicable,2026-02-15T17:03:09.698000Z,2026-02-15T17:05:55.579000Z,2026-02-15T18:42:55.168000Z,2026-02-15T17:05:56.016837Z,166,CPSEFESE,2940,31,Female,White,United Kingdom,United Kingdom,United Kingdom,English,No,Full-Time,N/A,N/A,Pass,N/A,Pass,N/A
6991fc4a531252fe1d08e249,645f2d6b7d2fa796bd75c72e,APPROVED,Not Applicable,2026-02-15T17:03:10.199000Z,2026-02-15T17:13:16.524000Z,2026-02-15T18:42:55.406000Z,2026-02-15T17:13:16.983343Z,607,CPSEFESE,2151,53,Female,White,Greece,United Kingdom,Greece,Greek,DATA_EXPIRED,DATA_EXPIRED,N/A,N/A,Pass,N/A,Pass,N/A
6991fc4a8e5be003b35f01db,5be1ac50ca095c0001b9f717,APPROVED,Not Applicable,2026-02-15T17:03:11.498000Z,2026-02-15T17:07:14.143000Z,2026-02-15T18:44:16.988000Z,2026-02-15T17:07:14.696671Z,243,CPSEFESE,18681,50,Male,White,United States,United States,United States,English,No,Full-Time,N/A,N/A,Pass,N/A,Pass,N/A
6991fc4b34ded94154b5084b,66d0e3c7266429eef768447b,APPROVED,Not Applicable,2026-02-15T17:03:14.174000Z,2026-02-15T17:09:17.292000Z,2026-02-15T18:42:55.637000Z,2026-02-15T17:09:17.691949Z,364,CPSEFESE,346,67,Female,White,Germany,United States,Germany,German,No,"Not in paid work (e.g. homemaker', 'retired or disabled)",N/A,N/A,Pass,N/A,Pass,N/A
6991fc4bab64eafe4881167d,63076cd447ae6e2366804685,APPROVED,Not Applicable,2026-02-15T17:03:10.842000Z,2026-02-15T17:10:18.113000Z,2026-02-15T18:44:17.377000Z,2026-02-15T17:10:18.630748Z,428,CPSEFESE,4118,66,Male,White,United Kingdom,United Kingdom,United Kingdom,English,No,Part-Time,N/A,N/A,N/A,Pass,Pass,N/A
6991fc4ce1906997f53d0c70,5f59275d9a49e2140887ec41,APPROVED,Not Applicable,2026-02-15T17:03:13.579000Z,2026-02-15T17:07:47.971000Z,2026-02-15T18:42:55.949000Z,2026-02-15T17:07:48.356741Z,275,CPSEFESE,2230,63,Female,White,United Kingdom,United Kingdom,United Kingdom,English,No,"Not in paid work (e.g. homemaker', 'retired or disabled)",N/A,Pass,N/A,N/A,Pass,N/A
6991fc4da33c4408f99eeeb5,5ced66139b5b490001b688ed,APPROVED,Not Applicable,2026-02-15T17:03:09.207000Z,2026-02-15T17:07:37.357000Z,2026-02-15T18:42:56.218000Z,2026-02-15T17:07:37.951319Z,269,CPSEFESE,6341,50,Female,White,United Kingdom,United Kingdom,United Kingdom,English,No,Part-Time,Pass,N/A,N/A,N/A,Pass,N/A
6991fc4dba7f3e19d7e7f74b,62d133496cf7f774b8bf98a0,APPROVED,Not Applicable,2026-02-15T17:03:47.319000Z,2026-02-15T17:08:54.136000Z,2026-02-15T18:42:56.473000Z,2026-02-15T17:08:54.562074Z,307,CPSEFESE,7224,51,Female,White,United States,United States,United States,English,No,Other,N/A,N/A,Pass,N/A,Pass,N/A
6991fc4e518dd7c487fb2dea,60d075b6af3d46debaf3cfd8,APPROVED,Not Applicable,2026-02-15T17:03:14.244000Z,2026-02-15T17:09:41.665000Z,2026-02-15T18:42:56.699000Z,2026-02-15T17:09:42.042158Z,388,CPSEFESE,3987,23,Female,White,United Kingdom,United Kingdom,United Kingdom,English,Yes,Unemployed (and job seeking),Pass,N/A,N/A,N/A,Pass,N/A
6991fc4e91a178a2ec8e16a4,5f5bb87a0093333445af65f2,APPROVED,Not Applicable,2026-02-15T17:04:43.262000Z,2026-02-15T17:11:03.117000Z,2026-02-15T18:44:17.688000Z,2026-02-15T17:11:03.583865Z,380,CPSEFESE,6085,41,Male,White,United Kingdom,United Kingdom,United Kingdom,English,No,Full-Time,N/A,N/A,N/A,Pass,Pass,N/A
6991fc4f37a03e5877eaf2f6,663e1a9907cdddf3083763a9,APPROVED,Not Applicable,2026-02-15T17:03:14.822000Z,2026-02-15T17:07:38.454000Z,2026-02-15T18:44:17.937000Z,2026-02-15T17:07:39.218759Z,264,CPSEFESE,1130,21,Male,Asian,United States,United States,United States,English,Yes,Other,N/A,Pass,N/A,N/A,Pass,N/A
6991fc51bc6348bf28bce334,694a51fe73b8f659a4866639,APPROVED,Not Applicable,2026-02-15T17:03:19.711000Z,2026-02-15T17:06:51.406000Z,2026-02-15T18:42:56.965000Z,2026-02-15T17:06:51.858515Z,212,CPSEFESE,15,18,Female,Black,United States,United States,United States,English,Yes,Unemployed (and job seeking),N/A,N/A,N/A,Pass,Pass,N/A
6991fc539afe4b959f7a90e2,5eb331bc1f70081249e6fb7a,APPROVED,Not Applicable,2026-02-15T17:03:15.417000Z,2026-02-15T17:08:39.999000Z,2026-02-15T18:42:57.233000Z,2026-02-15T17:08:40.442600Z,325,CPSEFESE,1880,51,Female,White,Ireland,United Kingdom,United Kingdom,English,No,Part-Time,N/A,N/A,Pass,N/A,Pass,N/A
6991fc53f0709a596205e33c,5f58bfb2ea092304fbc3a777,APPROVED,Not Applicable,2026-02-15T17:03:21.796000Z,2026-02-15T17:06:47.155000Z,2026-02-15T18:42:57.463000Z,2026-02-15T17:06:47.588345Z,206,CPSEFESE,653,44,Female,White,United Kingdom,United Kingdom,United Kingdom,English,No,Full-Time,N/A,N/A,Pass,N/A,Pass,N/A
6991fc54ba7731a505abe742,6744d143eddffd17d345b192,APPROVED,Not Applicable,2026-02-15T17:04:09.249000Z,2026-02-15T17:10:02.780000Z,2026-02-15T18:44:18.173000Z,2026-02-15T17:10:03.262583Z,354,CPSEFESE,3560,25,Male,White,United Kingdom,United Kingdom,United Kingdom,English,No,Part-Time,N/A,N/A,Pass,N/A,Pass,N/A
6991fc54be150b7459f38616,698141c92e05e37125fe071b,APPROVED,Not Applicable,2026-02-15T17:03:22.806000Z,2026-02-15T17:07:22.214000Z,2026-02-15T18:42:57.906000Z,2026-02-15T17:07:22.613482Z,240,CPSEFESE,52,23,Female,White,United States,United States,United States,English,No,Unemployed (and job seeking),N/A,N/A,Pass,N/A,Pass,N/A
6991fc56014c743649f130ac,5d2e1c52c3651500159f0a69,APPROVED,Not Applicable,2026-02-15T17:04:24.823000Z,2026-02-15T17:14:22.032000Z,2026-02-15T18:44:18.394000Z,2026-02-15T17:14:22.473931Z,598,CPSEFESE,3515,41,Male,Asian,Thailand,United States,Thailand,English,No,Full-Time,Pass,N/A,N/A,N/A,Pass,N/A
6991fc56979bac37338359d3,5c309bb410677f0001dda0ed,APPROVED,Not Applicable,2026-02-15T17:03:22.963000Z,2026-02-15T17:09:31.480000Z,2026-02-15T18:44:18.630000Z,2026-02-15T17:09:31.868782Z,369,CPSEFESE,7579,45,Male,White,United States,United States,United States,English,No,Other,Pass,N/A,N/A,N/A,Pass,N/A
6991fc5a1c5b9e8e4d5a0c81,5aae8ddfe1546900019af8d2,APPROVED,Not Applicable,2026-02-15T17:03:26.748000Z,2026-02-15T17:06:00.282000Z,2026-02-15T18:44:19.052000Z,2026-02-15T17:06:00.717756Z,154,CPSEFESE,1162,35,Male,White,United Kingdom,United Kingdom,United Kingdom,English,No,Full-Time,N/A,N/A,Pass,N/A,Pass,N/A
6991fc5a4d4ecdc534dd74b1,5d747c71641e7d0019a27ad4,APPROVED,Not Applicable,2026-02-15T17:03:36.889000Z,2026-02-15T17:11:13.808000Z,2026-02-15T18:42:58.185000Z,2026-02-15T17:11:14.523640Z,457,CPSEFESE,2738,37,Female,White,United Kingdom,United Kingdom,United Kingdom,English,No,Full-Time,Pass,N/A,N/A,N/A,Pass,N/A
6991fc5ab1d37be275eef547,66ef27cedb6307178a650d79,APPROVED,Not Applicable,2026-02-15T17:03:27.146000Z,2026-02-15T17:08:48.306000Z,2026-02-15T18:42:58.434000Z,2026-02-15T17:08:48.744453Z,322,CPSEFESE,986,54,Female,White,United Kingdom,United Kingdom,United Kingdom,English,No,Full-Time,N/A,N/A,N/A,Pass,Pass,N/A
6991fc5b23e5256ed03860a0,677b8e386966144d94556597,APPROVED,Not Applicable,2026-02-15T17:03:28.384000Z,2026-02-15T17:10:26.446000Z,2026-02-15T18:44:19.321000Z,2026-02-15T17:10:26.911688Z,419,CPSEFESE,3546,53,Male,White,United Kingdom,United Kingdom,United Kingdom,English,No,Full-Time,Pass,N/A,N/A,N/A,Pass,N/A
6991fc5b2ab4dfc0579f6d01,5e28b7321a8c8f075abe34d0,APPROVED,Not Applicable,2026-02-15T17:03:30.213000Z,2026-02-15T17:10:19.592000Z,2026-02-15T18:44:19.580000Z,2026-02-15T17:10:19.994708Z,410,CPSEFESE,360,32,Male,White,United Kingdom,United Kingdom,United Kingdom,English,DATA_EXPIRED,DATA_EXPIRED,N/A,N/A,N/A,Pass,N/A,N/A
6991fc5dd47a35fcfcce125a,63d455ba1597e5cf03740bec,APPROVED,Not Applicable,2026-02-15T17:03:30.031000Z,2026-02-15T17:08:36.844000Z,2026-02-15T18:44:19.887000Z,2026-02-15T17:08:37.848998Z,307,CPSEFESE,1019,33,Male,White,United Kingdom,United Kingdom,United Kingdom,English,No,Full-Time,N/A,N/A,N/A,Pass,Pass,N/A
6991fc5e3e1f686ab3d51497,66c20b634a3b292d25596fbc,APPROVED,Not Applicable,2026-02-15T17:03:37.912000Z,2026-02-15T17:04:51.558000Z,2026-02-15T18:44:20.121000Z,2026-02-15T17:04:52.022935Z,74,CPSEFESE,3314,52,Male,White,United Kingdom,United Kingdom,United Kingdom,English,No,Full-Time,N/A,N/A,N/A,N/A,N/A,N/A
6991fc5e6349023f47d6add9,59a9c0291b7a550001d6392e,APPROVED,Not Applicable,2026-02-15T17:03:29.358000Z,2026-02-15T17:08:11.428000Z,2026-02-15T18:42:58.670000Z,2026-02-15T17:08:11.802287Z,283,CPSEFESE,6867,43,Female,White,United Kingdom,United Kingdom,United Kingdom,English,No,Part-Time,N/A,Pass,N/A,N/A,Pass,N/A
6991fc5ef7e3997b7a7ae023,6720d262ceed23c1ad0be1c7,APPROVED,Not Applicable,2026-02-15T17:03:33.747000Z,2026-02-15T17:07:58.743000Z,2026-02-15T18:44:20.381000Z,2026-02-15T17:07:59.140290Z,265,CPSEFESE,2865,36,Male,White,United States,United States,United States,English,No,Part-Time,Pass,N/A,N/A,N/A,Pass,N/A
6991fc5f0758aa5b3ba1a532,665ba5fad0a8c603ab8b5242,APPROVED,Not Applicable,2026-02-15T17:03:31.253000Z,2026-02-15T17:05:50.367000Z,2026-02-15T18:42:58.897000Z,2026-02-15T17:05:50.792015Z,140,CPSEFESE,1531,28,Female,Mixed,United Kingdom,United Kingdom,United Kingdom,English,DATA_EXPIRED,DATA_EXPIRED,N/A,Pass,N/A,N/A,Pass,N/A
6991fc5f8acee402d58a50ff,5e98e245aa25c6120f522a40,APPROVED,Not Applicable,2026-02-15T17:12:30.699000Z,2026-02-15T17:33:07.588000Z,2026-02-15T18:44:20.621000Z,2026-02-15T17:33:08.236136Z,1237,CPSEFESE,1594,41,Male,Asian,United States,United States,United States,English,DATA_EXPIRED,DATA_EXPIRED,N/A,N/A,N/A,Pass,Pass,N/A
6991fc5feabbd5f26dff3dc7,668beeeac6158723009d2b8a,APPROVED,Not Applicable,2026-02-15T17:03:30.337000Z,2026-02-15T17:06:03.517000Z,2026-02-15T18:42:59.147000Z,2026-02-15T17:06:03.965355Z,154,CPSEFESE,1603,27,Female,White,United States,United States,United States,English,No,Full-Time,Pass,N/A,N/A,N/A,Pass,N/A
6991fc608100b3b4a7427c3c,5db143c6711b3c00180fdea1,APPROVED,Not Applicable,2026-02-15T17:03:33.505000Z,2026-02-15T17:07:50.624000Z,2026-02-15T18:42:59.381000Z,2026-02-15T17:07:51.001906Z,258,CPSEFESE,3558,46,Female,Mixed,United Kingdom,United Kingdom,United Kingdom,English,No,Full-Time,N/A,Pass,N/A,N/A,Pass,N/A
6991fc61000c31d11856ba37,5ee642c9f5cb343a58b1ef13,APPROVED,Not Applicable,2026-02-15T17:03:33.526000Z,2026-02-15T17:07:51.500000Z,2026-02-15T18:44:20.836000Z,2026-02-15T17:07:52.792882Z,258,CPSEFESE,6731,44,Male,White,United States,United States,United States,English,No,Full-Time,N/A,Pass,N/A,N/A,Pass,N/A
6991fc61be150b7459f38619,65c900c7a7dc9db70e311289,APPROVED,Not Applicable,2026-02-15T17:04:18.087000Z,2026-02-15T17:07:46.219000Z,2026-02-15T18:42:59.623000Z,2026-02-15T17:07:46.727060Z,209,CPSEFESE,2795,29,Female,White,United Kingdom,United Kingdom,United Kingdom,English,No,Full-Time,Pass,N/A,N/A,N/A,Pass,N/A
6991fc629fce8bac9fce47b3,697a489c4b1d464ab33b481e,APPROVED,Not Applicable,2026-02-15T17:03:34.301000Z,2026-02-15T17:06:22.607000Z,2026-02-15T18:42:59.871000Z,2026-02-15T17:06:23.042864Z,169,CPSEFESE,54,18,Female,White,United Kingdom,United Kingdom,United Kingdom,English,No,Unemployed (and job seeking),N/A,N/A,Pass,N/A,Pass,N/A
6991fc63531252fe1d08e24e,6352ec755434712aa8f45ee4,APPROVED,Not Applicable,2026-02-15T17:03:35.592000Z,2026-02-15T17:07:51.475000Z,2026-02-15T18:43:00.124000Z,2026-02-15T17:07:51.881915Z,256,CPSEFESE,1199,32,Female,White,United Kingdom,United Kingdom,United Kingdom,English,No,Full-Time,N/A,N/A,Pass,N/A,N/A,N/A
6991fc63f686cd5e9bfd6d9b,559272f4fdf99b7e42e96932,APPROVED,Not Applicable,2026-02-15T17:03:36.275000Z,2026-02-15T17:13:47.325000Z,2026-02-15T18:44:21.073000Z,2026-02-15T17:13:47.718724Z,612,CPSEFESE,7780,55,Male,White,United Kingdom,United Kingdom,United Kingdom,English,No,Full-Time,N/A,N/A,Pass,N/A,Pass,N/A
6991fc645c64c34f708bdfbb,5b707a406f0ed10001bfb973,APPROVED,Not Applicable,2026-02-15T17:03:55.740000Z,2026-02-15T17:05:57.856000Z,2026-02-15T18:43:00.385000Z,2026-02-15T17:05:58.229834Z,123,CPSEFESE,3057,38,Female,White,United States,United States,United States,English,DATA_EXPIRED,DATA_EXPIRED,N/A,N/A,N/A,N/A,N/A,N/A
6991fc64d0123d112f0eab24,65ca7b52b557f4aa965301ef,APPROVED,Not Applicable,2026-02-15T17:03:36.836000Z,2026-02-15T17:10:30.053000Z,2026-02-15T18:43:00.631000Z,2026-02-15T17:10:30.462586Z,414,CPSEFESE,4578,42,Female,Black,United States,United States,United States,English,Yes,Unemployed (and job seeking),N/A,N/A,N/A,Pass,Pass,N/A
6991fc6617272edc6dc928ec,632887fe29453b90ee3fb295,APPROVED,Not Applicable,2026-02-15T17:03:41.185000Z,2026-02-15T17:06:57.557000Z,2026-02-15T18:44:21.306000Z,2026-02-15T17:06:57.921409Z,197,CPSEFESE,4011,39,Male,White,United States,United States,United States,English,No,Full-Time,Pass,N/A,N/A,N/A,Pass,N/A
6991fc6645f98e24abe57959,64d542239dcf23c895827837,APPROVED,Not Applicable,2026-02-15T17:03:41.220000Z,2026-02-15T17:08:09.987000Z,2026-02-15T18:44:21.541000Z,2026-02-15T17:08:10.423116Z,269,CPSEFESE,3297,50,Male,White,United States,United States,United States,English,Yes,Full-Time,N/A,Pass,N/A,N/A,Pass,N/A
6991fc669c912490bb8365da,60e0dc6be0772b7dfdad9b2c,APPROVED,Not Applicable,2026-02-15T17:03:40.908000Z,2026-02-15T17:11:51.550000Z,2026-02-15T18:44:21.782000Z,2026-02-15T17:11:51.981641Z,491,CPSEFESE,4414,30,Male,White,United Kingdom,United Kingdom,United Kingdom,English,No,Part-Time,N/A,N/A,N/A,Pass,Pass,N/A
6991fc678968a36426252d9f,5c1655c7ad682500017070d2,APPROVED,Not Applicable,2026-02-15T17:03:41.786000Z,2026-02-15T17:09:02.922000Z,2026-02-15T18:44:22.036000Z,2026-02-15T17:09:03.341685Z,322,CPSEFESE,14913,37,Male,White,United States,United States,United States,English,No,Full-Time,N/A,Pass,N/A,N/A,Pass,N/A
6991fc681067070fba12b29f,5ede976d873bba121db3fe20,APPROVED,Not Applicable,2026-02-15T17:03:45.566000Z,2026-02-15T17:08:27.557000Z,2026-02-15T18:43:00.902000Z,2026-02-15T17:08:27.937547Z,282,CPSEFESE,132,39,Female,White,United Kingdom,United Kingdom,United Kingdom,English,No,Full-Time,Pass,N/A,N/A,N/A,Pass,N/A
6991fc69718750f2f756f1f9,65cb86a7e667e637599a3af3,APPROVED,Not Applicable,2026-02-15T17:03:47.527000Z,2026-02-15T17:07:14.111000Z,2026-02-15T18:43:01.268000Z,2026-02-15T17:07:14.533924Z,207,CPSEFESE,3448,27,Female,Asian,Philippines,United States,Philippines,Tagalog-Filipino,No,Full-Time,N/A,N/A,N/A,N/A,N/A,N/A
6991fc6987a4b56b2c216226,5efa3b73f0ef1585a149d72b,APPROVED,Not Applicable,2026-02-15T17:03:43.362000Z,2026-02-15T17:07:19.486000Z,2026-02-15T18:43:01.572000Z,2026-02-15T17:07:19.869098Z,217,CPSEFESE,901,56,Female,White,United Kingdom,United Kingdom,United Kingdom,English,No,Part-Time,N/A,Pass,N/A,N/A,Pass,N/A
6991fc69d19584c621770731,612399c71548ff3b47e406e8,APPROVED,Not Applicable,2026-02-15T17:04:41.993000Z,2026-02-15T17:09:00.101000Z,2026-02-15T18:44:22.381000Z,2026-02-15T17:09:00.493441Z,259,CPSEFESE,4285,53,Male,White,United Kingdom,United Kingdom,United Kingdom,English,No,Full-Time,N/A,Pass,N/A,N/A,N/A,N/A
6991fc6a5a980868b6be5ac9,5d542c3a5af5900019bc80c4,APPROVED,Not Applicable,2026-02-15T17:03:43.023000Z,2026-02-15T17:06:12.722000Z,2026-02-15T18:43:01.823000Z,2026-02-15T17:06:13.187213Z,150,CPSEFESE,8169,51,Female,White,United Kingdom,United Kingdom,United Kingdom,English,No,"Not in paid work (e.g. homemaker', 'retired or disabled)",N/A,Pass,N/A,N/A,Pass,N/A
6991fc6c482b7d77ef3b92ed,5dbc4daee5b13d1f2d4577d0,APPROVED,Not Applicable,2026-02-15T17:09:02.905000Z,2026-02-15T17:12:25.012000Z,2026-02-15T18:43:02.086000Z,2026-02-15T17:12:25.438251Z,203,CPSEFESE,1384,26,Female,White,Portugal,United Kingdom,Portugal,Portuguese,No,Part-Time,Pass,N/A,N/A,N/A,Pass,N/A
6991fc6d3db85b817cfe24dd,5d35e1d0dd67fd00016dd197,APPROVED,Not Applicable,2026-02-15T17:03:50.028000Z,2026-02-15T17:06:26.876000Z,2026-02-15T18:43:02.330000Z,2026-02-15T17:06:27.416812Z,157,CPSEFESE,4098,35,Female,White,United Kingdom,United Kingdom,United Kingdom,English,No,Full-Time,N/A,Pass,N/A,N/A,Pass,N/A
6991fc6d445e36a55d615f6a,5cf510ccb0bafb00161ffd56,APPROVED,Not Applicable,2026-02-15T17:03:45.239000Z,2026-02-15T17:09:09.456000Z,2026-02-15T18:43:02.630000Z,2026-02-15T17:09:09.887237Z,325,CPSEFESE,3169,28,Female,White,United Kingdom,United Kingdom,United Kingdom,English,No,Full-Time,N/A,N/A,Pass,N/A,Pass,N/A
6991fc6e37a03e5877eaf2f9,6942c05a7a01b8119deb4a9c,APPROVED,Not Applicable,2026-02-15T17:03:46.843000Z,2026-02-15T17:08:49.831000Z,2026-02-15T18:43:02.984000Z,2026-02-15T17:08:50.287242Z,303,CPSEFESE,752,27,Female,White,United States,United States,United States,English,No,Full-Time,N/A,N/A,Pass,N/A,Pass,N/A
6991fc6e622ec8728aa9c853,5c4782d9cae0ab000188d2b4,APPROVED,Not Applicable,2026-02-15T17:03:46.339000Z,2026-02-15T17:10:19.427000Z,2026-02-15T18:43:03.228000Z,2026-02-15T17:10:19.826604Z,394,CPSEFESE,6138,54,Female,White,United Kingdom,United Kingdom,United Kingdom,English,No,Part-Time,N/A,Pass,N/A,N/A,Pass,N/A
6991fc6e8f8b0787f3a92095,5ee2d96eac3291203650f16e,APPROVED,Not Applicable,2026-02-15T17:03:47.970000Z,2026-02-15T17:06:33.995000Z,2026-02-15T18:44:22.662000Z,2026-02-15T17:06:34.363686Z,167,CPSEFESE,9619,29,Male,White,United States,United States,United States,English,No,Unemployed (and job seeking),N/A,N/A,N/A,Pass,Pass,N/A
6991fc6f3acc2a59ec12f22a,67236ad3b127a470bef82e3a,APPROVED,Not Applicable,2026-02-15T17:03:46.938000Z,2026-02-15T17:06:59.220000Z,2026-02-15T18:43:03.486000Z,2026-02-15T17:06:59.621702Z,193,CPSEFESE,209,23,Female,White,United Kingdom,United Kingdom,United Kingdom,English,Yes,DATA_EXPIRED,N/A,N/A,Pass,N/A,Pass,N/A
6991fc709fce8bac9fce47b8,660c9c1f2573830cbb45367a,APPROVED,Not Applicable,2026-02-15T17:03:50.434000Z,2026-02-15T17:09:51.549000Z,2026-02-15T18:44:22.890000Z,2026-02-15T17:09:51.926962Z,362,CPSEFESE,1554,54,Male,White,United States,United States,United States,English,No,Full-Time,N/A,Pass,N/A,N/A,Pass,N/A
6991fc713852d0dea005fccc,5bf2f728bd9f150001f6cc42,APPROVED,Not Applicable,2026-02-15T17:04:29.254000Z,2026-02-15T17:09:43.023000Z,2026-02-15T18:44:23.130000Z,2026-02-15T17:09:43.503666Z,314,CPSEFESE,7109,60,Male,White,United Kingdom,United Kingdom,United Kingdom,English,Yes,Full-Time,N/A,N/A,Pass,N/A,Pass,N/A
6991fc724d4ecdc534dd74b7,665037ded96e1d5ab290e9ca,APPROVED,Not Applicable,2026-02-15T17:04:04.746000Z,2026-02-15T17:11:12.984000Z,2026-02-15T18:44:23.368000Z,2026-02-15T17:11:13.535827Z,429,CPSEFESE,1352,58,Male,White,United Kingdom,United Kingdom,United Kingdom,English,No,"Not in paid work (e.g. homemaker', 'retired or disabled)",N/A,N/A,N/A,Pass,Pass,N/A
6991fc72688004096ac67dbc,5cae6a77b38ea60016e54889,APPROVED,Not Applicable,2026-02-15T17:07:45.304000Z,2026-02-15T17:13:20.038000Z,2026-02-15T18:43:03.722000Z,2026-02-15T17:13:20.491721Z,335,CPSEFESE,5227,25,Female,White,United Kingdom,United Kingdom,United Kingdom,English,DATA_EXPIRED,DATA_EXPIRED,Pass,N/A,N/A,N/A,Pass,N/A
6991fc7287a4b56b2c216229,6137e32367aae15b0156bd7e,APPROVED,Not Applicable,2026-02-15T17:03:53.923000Z,2026-02-15T17:08:46.590000Z,2026-02-15T18:44:23.603000Z,2026-02-15T17:08:47.015557Z,293,CPSEFESE,2700,36,Male,White,United Kingdom,United Kingdom,United Kingdom,English,DATA_EXPIRED,DATA_EXPIRED,N/A,Pass,N/A,N/A,Pass,N/A
6991fc72c88a30c03bbe75c0,614b2ae5644dcd015db6fc7f,APPROVED,Not Applicable,2026-02-15T17:03:50.608000Z,2026-02-15T17:07:32.533000Z,2026-02-15T18:43:03.977000Z,2026-02-15T17:07:32.949244Z,222,CPSEFESE,1472,52,Female,White,United Kingdom,United Kingdom,United Kingdom,English,No,Part-Time,N/A,Pass,N/A,N/A,Pass,N/A
6991fc73760fa44c2e01fca0,698f8820587ecbc27b6ce27d,APPROVED,Not Applicable,2026-02-15T17:03:56.167000Z,2026-02-15T17:09:13.812000Z,2026-02-15T18:43:04.233000Z,2026-02-15T17:09:14.273540Z,318,NOCODE,7,35,Female,White,United States,United States,United States,English,No,Full-Time,N/A,N/A,N/A,N/A,N/A,N/A
6991fc764de1a0e52960317a,6658be7c0acc6e0ea88985ae,APPROVED,Not Applicable,2026-02-15T17:03:54.934000Z,2026-02-15T17:06:55.476000Z,2026-02-15T18:43:04.512000Z,2026-02-15T17:06:55.857004Z,181,CPSEFESE,1034,41,Female,White,United Kingdom,United Kingdom,United Kingdom,English,DATA_EXPIRED,DATA_EXPIRED,N/A,N/A,Pass,N/A,Pass,N/A
6991fc76eabbd5f26dff3dcb,60455511710c89680924f7ac,APPROVED,Not Applicable,2026-02-15T17:03:54.561000Z,2026-02-15T17:08:39.712000Z,2026-02-15T18:44:23.824000Z,2026-02-15T17:08:40.109746Z,286,CPSEFESE,9258,42,Male,White,United States,United States,United States,English,No,Full-Time,N/A,N/A,Pass,N/A,Pass,N/A
6991fc772829b7ddd4c7220a,56a8bb427f2472000b9522f6,APPROVED,Not Applicable,2026-02-15T17:04:10.017000Z,2026-02-15T17:08:30.628000Z,2026-02-15T18:43:04.743000Z,2026-02-15T17:08:31.080828Z,261,CPSEFESE,3834,38,Female,White,United Kingdom,United Kingdom,United Kingdom,English,No,Part-Time,N/A,Pass,N/A,N/A,Pass,N/A
6991fc77f4f0f6c2a8e69677,62877d5f6a054e53313ac916,APPROVED,Not Applicable,2026-02-15T17:03:56.711000Z,2026-02-15T17:12:56.063000Z,2026-02-15T18:44:24.056000Z,2026-02-15T17:12:56.464940Z,540,CPSEFESE,14556,30,Male,White,United States,United States,United States,English,DATA_EXPIRED,DATA_EXPIRED,Pass,N/A,N/A,N/A,Pass,N/A
6991fc784de1a0e52960317c,615ddab1e4f013092538b6c5,APPROVED,Not Applicable,2026-02-15T17:05:07.307000Z,2026-02-15T17:08:45.105000Z,2026-02-15T18:44:24.315000Z,2026-02-15T17:08:45.555226Z,218,CPSEFESE,19804,62,Male,White,United States,United States,United States,English,No,Other,N/A,Pass,N/A,N/A,Pass,N/A
6991fc78cecd1723d23ed480,654bc148c95bca00d541ec33,APPROVED,Not Applicable,2026-02-15T17:03:58.595000Z,2026-02-15T17:08:13.231000Z,2026-02-15T18:43:04.980000Z,2026-02-15T17:08:13.618304Z,255,CPSEFESE,6831,54,Female,White,United States,United States,United States,English,No,Full-Time,N/A,N/A,Pass,N/A,Pass,N/A
6991fc7936cde2a36418c5b4,65cf6d7853481e8eca326136,APPROVED,Not Applicable,2026-02-15T17:04:00.382000Z,2026-02-15T17:10:11.994000Z,2026-02-15T18:43:05.216000Z,2026-02-15T17:10:12.495338Z,372,CPSEFESE,1422,71,Female,Mixed,United States,United States,United States,Spanish,No,Full-Time,N/A,Pass,N/A,N/A,Pass,N/A
6991fc7a4c6d292209a2adb7,69835dbecdd642036a7addb3,APPROVED,Not Applicable,2026-02-15T17:03:57.758000Z,2026-02-15T17:12:33.092000Z,2026-02-15T18:44:24.553000Z,2026-02-15T17:12:33.478909Z,516,CPSEFESE,34,43,Male,Mixed,United States,United States,United States,English,No,Part-Time,Pass,N/A,N/A,N/A,Pass,N/A
6991fc7a67d20664127ded0a,6665aacb7549bd73950c9e6b,APPROVED,Not Applicable,2026-02-15T17:04:06.695000Z,2026-02-15T17:10:29.053000Z,2026-02-15T18:43:05.452000Z,2026-02-15T17:10:29.511331Z,383,CPSEFESE,2583,43,Female,White,Romania,United Kingdom,Romania,English,No,Full-Time,N/A,N/A,Pass,N/A,Pass,N/A
6991fc7b5938c74bb2ba49f2,666c50576894ee3e6696af53,APPROVED,Not Applicable,2026-02-15T17:04:02.518000Z,2026-02-15T17:08:14.022000Z,2026-02-15T18:44:24.815000Z,2026-02-15T17:08:14.419622Z,252,CPSEFESE,1510,23,Male,Asian,Afghanistan,United Kingdom,United Kingdom,Pashto,Yes,Full-Time,Pass,N/A,N/A,N/A,N/A,N/A
6991fc7cd82fae03f7b78bfb,574aff1b5bef980007af2745,APPROVED,Not Applicable,2026-02-15T17:04:06.219000Z,2026-02-15T17:08:09.564000Z,2026-02-15T18:43:05.884000Z,2026-02-15T17:08:10.017289Z,244,CPSEFESE,4560,60,Female,White,United Kingdom,United Kingdom,United Kingdom,English,DATA_EXPIRED,DATA_EXPIRED,Pass,N/A,N/A,N/A,Pass,N/A
6991fc7ea6725b4751e7cb73,644bc265cb8a19eab3311bab,APPROVED,Not Applicable,2026-02-15T17:04:01.732000Z,2026-02-15T17:10:14.100000Z,2026-02-15T18:43:06.197000Z,2026-02-15T17:10:14.512050Z,373,CPSEFESE,5697,52,Female,White,United States,United States,United States,English,DATA_EXPIRED,DATA_EXPIRED,Pass,N/A,N/A,N/A,Pass,N/A
6991fc7eadbf691b4afd5c56,63d14977a22dee1760f8770d,APPROVED,Not Applicable,2026-02-15T17:04:01.123000Z,2026-02-15T17:08:39.114000Z,2026-02-15T18:44:25.091000Z,2026-02-15T17:08:39.538521Z,278,CPSEFESE,2001,38,Male,White,Greece,United Kingdom,United Kingdom,Greek,No,Full-Time,N/A,Pass,N/A,N/A,Pass,N/A
6991fc7f091a63afa041f67f,6043a1dc4c33ef37c64f0812,APPROVED,Not Applicable,2026-02-15T17:04:04.298000Z,2026-02-15T17:18:11.449000Z,2026-02-15T18:44:25.330000Z,2026-02-15T17:18:12.060398Z,848,CPSEFESE,1892,39,Male,White,United Kingdom,United Kingdom,United Kingdom,English,No,Full-Time,N/A,N/A,N/A,N/A,Pass,N/A
6991fc80adb72b1e64889bc5,669faeb6d07d662c8f3de95b,APPROVED,Not Applicable,2026-02-15T17:04:07.713000Z,2026-02-15T17:07:44.658000Z,2026-02-15T18:43:06.501000Z,2026-02-15T17:07:53.556596Z,217,CPSEFESE,1249,56,Female,White,United Kingdom,United Kingdom,United Kingdom,English,No,"Not in paid work (e.g. homemaker', 'retired or disabled)",Pass,N/A,N/A,N/A,Pass,N/A
6991fc8105389eab1a9ff8d8,60f4a96fa040aaa9bac2fb0b,APPROVED,Not Applicable,2026-02-15T17:04:08.399000Z,2026-02-15T17:08:18.211000Z,2026-02-15T18:43:06.731000Z,2026-02-15T17:08:18.701414Z,250,CPSEFESE,6016,41,Female,White,United States,United States,United States,English,No,Full-Time,N/A,Pass,N/A,N/A,Pass,N/A
6991fc81281bc416560b8b8b,69811d9451120edfa666951d,APPROVED,Not Applicable,2026-02-15T17:04:07.967000Z,2026-02-15T17:08:59.422000Z,2026-02-15T18:44:25.584000Z,2026-02-15T17:09:00.044759Z,292,CPSEFESE,1,69,Male,White,United States,United States,United States,English,No,"Not in paid work (e.g. homemaker', 'retired or disabled)",N/A,N/A,Pass,N/A,Pass,N/A
6991fc81cecd1723d23ed483,5c7307403065320001bdf00f,APPROVED,Not Applicable,2026-02-15T17:04:05.710000Z,2026-02-15T17:07:28.306000Z,2026-02-15T18:44:25.837000Z,2026-02-15T17:07:28.659939Z,203,CPSEFESE,7790,60,Male,White,United States,United States,United States,English,No,Full-Time,N/A,N/A,N/A,Pass,Pass,N/A
6991fc822ac350f329141d5d,5e480e306f7753000b908cb2,APPROVED,Not Applicable,2026-02-15T17:04:30.796000Z,2026-02-15T17:10:45.398000Z,2026-02-15T18:44:26.077000Z,2026-02-15T17:10:45.786121Z,375,CPSEFESE,3775,70,Male,White,United Kingdom,United Kingdom,United Kingdom,English,No,DATA_EXPIRED,N/A,N/A,Pass,N/A,Pass,N/A
6991fc8255635e5751a241c6,671a5785170a0f6380c51f28,APPROVED,Not Applicable,2026-02-15T17:05:17.198000Z,2026-02-15T17:13:24.701000Z,2026-02-15T18:43:08.152000Z,2026-02-15T17:13:25.094891Z,488,CPSEFESE,2938,32,Female,Black,Nigeria,United Kingdom,Nigeria,English,No,Part-Time,N/A,N/A,Pass,N/A,Pass,N/A
6991fc849186a7495bb5f326,65dfbf73ec3a047b5653add8,APPROVED,Not Applicable,2026-02-15T17:04:07.171000Z,2026-02-15T17:07:33.410000Z,2026-02-15T18:43:08.500000Z,2026-02-15T17:07:33.802255Z,207,CPSEFESE,7200,53,Female,White,United States,United States,United States,English,No,Full-Time,Pass,N/A,N/A,N/A,Pass,N/A
6991fc8509e1247bd22f29ca,698830615fe5f0ce374e1e9b,APPROVED,Not Applicable,2026-02-15T17:04:09.069000Z,2026-02-15T17:07:42.671000Z,2026-02-15T18:43:08.801000Z,2026-02-15T17:07:43.109853Z,214,CPSEFESE,68,35,Female,White,United States,United States,United States,English,No,"Not in paid work (e.g. homemaker', 'retired or disabled)",N/A,N/A,N/A,Pass,Pass,N/A
6991fc85e3433117619672a1,5dcf4136cf8e7e086ea019e4,APPROVED,Not Applicable,2026-02-15T17:04:12.448000Z,2026-02-15T17:18:05.528000Z,2026-02-15T18:43:09.027000Z,2026-02-15T17:18:05.983141Z,834,CPSEFESE,15946,58,Female,White,United States,United States,United States,English,No,Part-Time,N/A,N/A,Pass,N/A,Pass,N/A
6991fc867d8e0472a9a9a9f3,671b9d84bec15d847b871466,APPROVED,Not Applicable,2026-02-15T17:05:20.681000Z,2026-02-15T17:16:52.893000Z,2026-02-15T18:43:09.287000Z,2026-02-15T17:16:53.357665Z,693,CPSEFESE,823,68,Female,White,United Kingdom,United Kingdom,United Kingdom,English,No,"Not in paid work (e.g. homemaker', 'retired or disabled)",N/A,N/A,Pass,N/A,Pass,N/A
6991fc86ed7710e5b679b88f,5fb7df07d137543e4ca86861,APPROVED,Not Applicable,2026-02-15T17:06:26.177000Z,2026-02-15T17:36:31.457000Z,2026-02-15T18:44:26.337000Z,2026-02-15T17:36:31.851014Z,1806,CPSEFESE,1911,35,Male,Asian,United Kingdom,United Kingdom,United Kingdom,DATA_EXPIRED,DATA_EXPIRED,DATA_EXPIRED,N/A,N/A,N/A,Pass,Pass,N/A
6991fc875c6f7a6be81abb5c,63e1b63e2163c30bae297a66,APPROVED,Not Applicable,2026-02-15T17:04:12.352000Z,2026-02-15T17:06:56.039000Z,2026-02-15T18:43:09.528000Z,2026-02-15T17:06:56.424984Z,164,CPSEFESE,1630,60,Female,White,United States,United States,United States,English,No,Full-Time,N/A,N/A,N/A,Pass,N/A,N/A
6991fc88d3eec15285690a9c,69837a4408642127e8c81c3f,APPROVED,Not Applicable,2026-02-15T17:04:12.222000Z,2026-02-15T17:28:35.334000Z,2026-02-15T18:43:09.755000Z,2026-02-15T17:28:35.794609Z,1464,CPSEFESE,203,35,Female,White,United States,United States,United States,English,No,Full-Time,N/A,N/A,Pass,N/A,Pass,N/A
6991fc8962558c93b25f35d7,572bcf0d34b25a000edd2cf1,APPROVED,Not Applicable,2026-02-15T17:04:13.719000Z,2026-02-15T17:08:57.648000Z,2026-02-15T18:44:26.586000Z,2026-02-15T17:08:58.199934Z,284,CPSEFESE,6482,38,Male,White,United States,United States,United States,English,No,Full-Time,N/A,Pass,N/A,N/A,Pass,N/A
6991fc89c88a30c03bbe75c5,698de8953c24d3b3ec682a20,APPROVED,Not Applicable,2026-02-15T17:04:14.956000Z,2026-02-15T17:09:42.926000Z,2026-02-15T18:43:09.997000Z,2026-02-15T17:09:43.329345Z,328,CPSEFESE,21,25,Female,Mixed,United States,United States,United States,Spanish,No,Unemployed (and job seeking),N/A,Pass,N/A,N/A,Pass,N/A
6991fc8a5455d1792ae2591f,63b40e41dbb929924b4db7ce,APPROVED,Not Applicable,2026-02-15T17:04:17.077000Z,2026-02-15T17:09:24.539000Z,2026-02-15T18:43:10.231000Z,2026-02-15T17:09:24.905398Z,308,CPSEFESE,1433,65,Female,White,United Kingdom,United Kingdom,United Kingdom,English,No,"Not in paid work (e.g. homemaker', 'retired or disabled)",N/A,Pass,N/A,N/A,Pass,N/A
6991fc8fb5921d9cea3ea075,5838532eaac091000137f09e,APPROVED,Not Applicable,2026-02-15T17:04:15.563000Z,2026-02-15T17:05:19.830000Z,2026-02-15T18:44:26.806000Z,2026-02-15T17:05:20.213858Z,65,CPSEFESE,5370,71,Male,White,United Kingdom,United Kingdom,United Kingdom,English,No,"Not in paid work (e.g. homemaker', 'retired or disabled)",N/A,N/A,N/A,N/A,N/A,N/A
6991fc915c6f7a6be81abb5e,5ff07b5ee7a1d23e719e421e,APPROVED,Not Applicable,2026-02-15T17:04:23.199000Z,2026-02-15T17:08:12.277000Z,2026-02-15T18:43:10.466000Z,2026-02-15T17:08:12.672913Z,230,CPSEFESE,13900,71,Female,White,United States,United States,United States,English,No,"Not in paid work (e.g. homemaker', 'retired or disabled)",N/A,N/A,Pass,N/A,Pass,N/A
6991fc92674320f5239ff8e2,5a9fa90f873cda00010d29d8,APPROVED,Not Applicable,2026-02-15T17:04:22.364000Z,2026-02-15T17:07:36.002000Z,2026-02-15T18:44:27.028000Z,2026-02-15T17:07:36.406800Z,194,CPSEFESE,7204,26,Male,White,United Kingdom,United Kingdom,United Kingdom,English,DATA_EXPIRED,Full-Time,Pass,N/A,N/A,N/A,N/A,N/A
6991fc92e204bf19acdecf7f,5abbe13268b65b00018cf94b,APPROVED,Not Applicable,2026-02-15T17:04:24.192000Z,2026-02-15T17:09:45.487000Z,2026-02-15T18:44:27.271000Z,2026-02-15T17:09:45.952952Z,322,CPSEFESE,2623,26,Male,White,United Kingdom,United Kingdom,United Kingdom,English,No,Full-Time,N/A,Pass,N/A,N/A,N/A,N/A
6991fc92e20b6633704012f6,5c2fe02d8a20f50001ea5710,APPROVED,Not Applicable,2026-02-15T17:04:23.943000Z,2026-02-15T17:08:34.675000Z,2026-02-15T18:43:10.721000Z,2026-02-15T17:08:35.089218Z,251,CPSEFESE,2021,46,Female,White,United States,United States,United States,English,No,Full-Time,Pass,N/A,N/A,N/A,Pass,N/A
6991fc94ffbb465c3be017eb,566d5997d408ea00051a2a86,APPROVED,Not Applicable,2026-02-15T17:04:23.522000Z,2026-02-15T17:07:17.163000Z,2026-02-15T18:44:27.514000Z,2026-02-15T17:07:17.569526Z,174,CPSEFESE,4874,42,Male,White,United Kingdom,United Kingdom,United Kingdom,English,No,Full-Time,N/A,N/A,N/A,Pass,Pass,N/A
6991fc95a9841bf8f26b957c,64da2707c3e6642220490de0,APPROVED,Not Applicable,2026-02-15T17:04:28.775000Z,2026-02-15T17:10:34.448000Z,2026-02-15T18:44:27.755000Z,2026-02-15T17:10:34.831750Z,366,CPSEFESE,5547,37,Male,White,United States,United States,United States,English,No,Full-Time,N/A,N/A,N/A,Pass,Pass,N/A
6991fc98482b7d77ef3b92f0,669bcbe3d03c1be10fb64724,APPROVED,Not Applicable,2026-02-15T17:04:28.389000Z,2026-02-15T17:11:05.164000Z,2026-02-15T18:44:27.990000Z,2026-02-15T17:11:05.533799Z,397,CPSEFESE,1958,55,Male,White,New Zealand,United Kingdom,United Kingdom,English,No,Full-Time,N/A,N/A,N/A,Pass,Pass,N/A
6991fc9cd82583c3a8574749,5dda993086c886a06ce9108d,APPROVED,Not Applicable,2026-02-15T17:04:33.973000Z,2026-02-15T17:06:22.082000Z,2026-02-15T18:43:10.954000Z,2026-02-15T17:06:22.480911Z,109,CPSEFESE,12497,78,Female,White,United States,United States,United States,English,DATA_EXPIRED,DATA_EXPIRED,N/A,N/A,Pass,N/A,N/A,N/A
6991fc9d531252fe1d08e255,6697c1d5bc02db8aedeb0545,APPROVED,Not Applicable,2026-02-15T17:04:32.250000Z,2026-02-15T17:06:35.144000Z,2026-02-15T18:43:11.218000Z,2026-02-15T17:06:35.534028Z,123,CPSEFESE,647,33,Female,White,United Kingdom,United Kingdom,United Kingdom,English,No,Full-Time,N/A,N/A,Pass,N/A,Pass,N/A
6991fc9ef4f0f6c2a8e69683,63ee6ca92186ac65c4437d62,APPROVED,Not Applicable,2026-02-15T17:04:39.896000Z,2026-02-15T17:08:59.339000Z,2026-02-15T18:44:28.220000Z,2026-02-15T17:09:00.304120Z,260,CPSEFESE,1423,56,Male,White,United Kingdom,United Kingdom,United Kingdom,English,No,Full-Time,N/A,Pass,N/A,N/A,N/A,N/A
6991fc9f6349023f47d6ade3,5dcffe19c23e0d0f728c647a,APPROVED,Not Applicable,2026-02-15T17:06:51.991000Z,2026-02-15T17:11:46.615000Z,2026-02-15T18:43:11.589000Z,2026-02-15T17:11:47.010751Z,295,CPSEFESE,995,34,Female,White,United Kingdom,United Kingdom,United Kingdom,English,Yes,Full-Time,N/A,N/A,Pass,N/A,Pass,N/A
6991fc9f847240e78542ab1f,6733c9f67240fddc73fe943b,APPROVED,Not Applicable,2026-02-15T17:04:35.514000Z,2026-02-15T17:08:32.567000Z,2026-02-15T18:44:28.536000Z,2026-02-15T17:08:32.944447Z,238,CPSEFESE,4212,60,Male,White,Lithuania,United States,United States,Lithuanian,No,Full-Time,N/A,N/A,Pass,N/A,Pass,N/A
6991fc9feb2b81b4d459e156,6613fbd97d84091e654e5ca6,APPROVED,Not Applicable,2026-02-15T17:04:35.099000Z,2026-02-15T17:32:09.945000Z,2026-02-15T18:43:11.983000Z,2026-02-15T17:32:10.414580Z,1655,CPSEFESE,1403,42,Female,Mixed,United States,United States,United States,English,No,Full-Time,N/A,N/A,N/A,Pass,Pass,N/A
6991fca24de1a0e529603185,67a36295836566498f2a9c4d,APPROVED,Not Applicable,2026-02-15T17:04:40.517000Z,2026-02-15T17:08:41.501000Z,2026-02-15T18:44:28.931000Z,2026-02-15T17:08:41.895776Z,241,CPSEFESE,1879,72,Male,White,United Kingdom,United Kingdom,United Kingdom,English,No,"Not in paid work (e.g. homemaker', 'retired or disabled)",N/A,N/A,Pass,N/A,Pass,N/A
6991fca26d17ed5f04a0a2fe,6646310f95427e27d874414b,APPROVED,Not Applicable,2026-02-15T17:04:38.387000Z,2026-02-15T17:11:41.365000Z,2026-02-15T18:43:12.312000Z,2026-02-15T17:11:41.763741Z,423,CPSEFESE,521,27,Female,White,United States,United States,United States,English,No,Full-Time,N/A,Pass,N/A,N/A,Pass,N/A
6991fca431a4af712896941f,67523a5c5d136f0780c8affc,APPROVED,Not Applicable,2026-02-15T17:04:41.484000Z,2026-02-15T17:07:18.812000Z,2026-02-15T18:44:29.272000Z,2026-02-15T17:07:19.185681Z,158,CPSEFESE,238,22,Male,Asian,United States,United States,United States,English,DATA_EXPIRED,DATA_EXPIRED,N/A,Pass,N/A,N/A,N/A,N/A
6991fca51c5b9e8e4d5a0c91,65319856c26aa4496e7c1582,APPROVED,Not Applicable,2026-02-15T17:04:41.549000Z,2026-02-15T17:12:24.912000Z,2026-02-15T18:44:30.226000Z,2026-02-15T17:12:25.574755Z,464,CPSEFESE,800,66,Male,White,United Kingdom,United Kingdom,United Kingdom,English,No,Part-Time,N/A,Pass,N/A,N/A,Pass,N/A
6991fca59c912490bb8365e4,5c617b872026f300018082d1,APPROVED,Not Applicable,2026-02-15T17:04:41.850000Z,2026-02-15T17:07:34.860000Z,2026-02-15T18:43:12.557000Z,2026-02-15T17:07:36.074855Z,174,CPSEFESE,2562,38,Female,White,United Kingdom,United Kingdom,United Kingdom,English,No,"Not in paid work (e.g. homemaker', 'retired or disabled)",N/A,Pass,N/A,N/A,Pass,N/A
6991fca68f8b0787f3a9209f,5c4af67cdccaa800016b3192,APPROVED,Not Applicable,2026-02-15T17:04:43.717000Z,2026-02-15T17:08:39.530000Z,2026-02-15T18:44:30.639000Z,2026-02-15T17:08:40.026130Z,236,CPSEFESE,16055,43,Male,White,United States,United States,United States,English,Yes,Full-Time,N/A,Pass,N/A,N/A,Pass,N/A
6991fca785f0c426be095401,6978ec39fb3110f236446395,APPROVED,Not Applicable,2026-02-15T17:04:46.794000Z,2026-02-15T17:08:37.329000Z,2026-02-15T18:43:12.796000Z,2026-02-15T17:08:37.916623Z,231,CPSEFESE,118,20,Female,White,United Kingdom,United Kingdom,United Kingdom,English,Yes,Other,N/A,Pass,N/A,N/A,Pass,N/A
6991fca818aa797e11b78c24,5e5f8c16394d082c15a4e93a,APPROVED,Not Applicable,2026-02-15T17:04:44.362000Z,2026-02-15T17:12:29.427000Z,2026-02-15T18:44:30.895000Z,2026-02-15T17:12:29.812493Z,466,CPSEFESE,3842,66,Male,White,United Kingdom,United Kingdom,United Kingdom,English,No,Part-Time,Pass,N/A,N/A,N/A,Pass,N/A
6991fca835e0431bd79ba7ce,673b7de4a2e905d7e456db70,APPROVED,Not Applicable,2026-02-15T17:04:44.837000Z,2026-02-15T17:08:02.339000Z,2026-02-15T18:43:13.041000Z,2026-02-15T17:08:02.720654Z,198,CPSEFESE,1070,27,Female,White,United Kingdom,United Kingdom,United Kingdom,English,No,Full-Time,Pass,N/A,N/A,N/A,Pass,N/A
6991fca8ed7710e5b679b892,5c747b0f181ad300113363ed,APPROVED,Not Applicable,2026-02-15T17:04:52.639000Z,2026-02-15T17:33:16.068000Z,2026-02-15T18:44:31.145000Z,2026-02-15T17:33:16.552657Z,1704,CPSEFESE,11730,29,Male,White,United States,United States,United States,English,DATA_EXPIRED,DATA_EXPIRED,N/A,N/A,Pass,N/A,Pass,N/A
6991fcab7dfaefb845e7cb81,66129a8cb7a1226062194e4d,APPROVED,Not Applicable,2026-02-15T17:04:47.022000Z,2026-02-15T17:07:48.839000Z,2026-02-15T18:44:31.458000Z,2026-02-15T17:07:49.269141Z,182,CPSEFESE,605,32,Male,White,New Zealand,United Kingdom,New Zealand,English,No,Full-Time,Pass,N/A,N/A,N/A,Pass,N/A
6991fcac1385c4d8671c40b3,5c005838232b6c0001221acf,APPROVED,Not Applicable,2026-02-15T17:04:57.568000Z,2026-02-15T17:10:51.552000Z,2026-02-15T18:43:13.310000Z,2026-02-15T17:10:51.965744Z,354,CPSEFESE,2061,27,Female,White,United States,United States,United States,English,No,Part-Time,N/A,N/A,Pass,N/A,Pass,N/A
6991fcae2779ddbe26f39349,66cd0cfabaa915947f4a62cd,APPROVED,Not Applicable,2026-02-15T17:04:49.272000Z,2026-02-15T17:07:18.931000Z,2026-02-15T18:44:31.807000Z,2026-02-15T17:07:19.722746Z,150,CPSEFESE,1826,28,Male,Asian,Pakistan,United States,United States,English,DATA_EXPIRED,Unemployed (and job seeking),N/A,N/A,N/A,Pass,Pass,N/A
6991fcaf6029738c91f0de39,66e30af71c095ea535047b06,APPROVED,Not Applicable,2026-02-15T17:04:52.851000Z,2026-02-15T17:07:21.980000Z,2026-02-15T18:43:13.564000Z,2026-02-15T17:07:22.372605Z,150,CPSEFESE,3351,34,Female,White,United States,United States,United States,English,No,Full-Time,N/A,N/A,Pass,N/A,Pass,N/A
6991fcafc1dd68de738cf434,667e27322e43770fb9f2bb8c,APPROVED,Not Applicable,2026-02-15T17:04:50.855000Z,2026-02-15T17:07:24.037000Z,2026-02-15T18:43:13.805000Z,2026-02-15T17:07:24.434735Z,154,CPSEFESE,1561,29,Female,White,United States,United States,United States,English,No,Part-Time,N/A,N/A,Pass,N/A,Pass,N/A
6991fcb0e81e48dc4d33a0c4,64ef5620f0a6cf6a9568a4b4,APPROVED,Not Applicable,2026-02-15T17:04:56.943000Z,2026-02-15T17:09:23.860000Z,2026-02-15T18:44:32.116000Z,2026-02-15T17:09:24.264162Z,267,CPSEFESE,5438,50,Male,Black,United States,United States,United States,English,DATA_EXPIRED,Part-Time,N/A,N/A,Pass,N/A,Pass,N/A
6991fcb17d1e90d4e077cae0,660eab035821349c9d01e870,APPROVED,Not Applicable,2026-02-15T17:04:54.688000Z,2026-02-15T17:11:27.528000Z,2026-02-15T18:44:32.386000Z,2026-02-15T17:11:27.965912Z,393,CPSEFESE,3570,59,Male,White,United States,United States,United States,English,No,Full-Time,N/A,N/A,Pass,N/A,Pass,N/A
6991fcb1ba7731a505abe753,6952c874bffb3b875800a61c,APPROVED,Not Applicable,2026-02-15T17:04:56.731000Z,2026-02-15T17:11:21.461000Z,2026-02-15T18:44:32.681000Z,2026-02-15T17:11:21.874667Z,385,CPSEFESE,712,45,Male,White,United States,United States,United States,English,No,Part-Time,N/A,N/A,Pass,N/A,Pass,N/A
6991fcb2ffbb465c3be017f0,698faee4cd3d9de163e1f171,APPROVED,Not Applicable,2026-02-15T17:04:54.034000Z,2026-02-15T17:06:31.036000Z,2026-02-15T18:44:32.932000Z,2026-02-15T17:06:31.506218Z,98,CPSEFESE,8,22,Male,White,United States,United States,United States,English,No,Full-Time,N/A,N/A,Pass,N/A,Pass,N/A
6991fcb387a4b56b2c216631,5fb865ade47b465ad43580d9,APPROVED,Not Applicable,2026-02-15T17:04:57.584000Z,2026-02-15T17:17:48.990000Z,2026-02-15T18:44:33.210000Z,2026-02-15T17:20:07.893138Z,772,CPSEFESE,5272,41,Male,Black,United States,United States,United States,English,DATA_EXPIRED,Full-Time,N/A,N/A,N/A,Pass,Pass,N/A
6991fcb3d0123d112f0eab32,6671e82cc1fa43aced1c799a,APPROVED,Not Applicable,2026-02-15T17:04:54.009000Z,2026-02-15T17:09:54.421000Z,2026-02-15T18:43:14.087000Z,2026-02-15T17:09:54.899156Z,301,CPSEFESE,2400,63,Female,White,United Kingdom,United Kingdom,United Kingdom,English,No,Part-Time,N/A,N/A,Pass,N/A,N/A,N/A
6991fcb5b64de98d913afff9,5ffb8c5b60571908f3ac19fa,APPROVED,Not Applicable,2026-02-15T17:05:03.167000Z,2026-02-15T17:09:13.891000Z,2026-02-15T18:44:33.478000Z,2026-02-15T17:09:14.325034Z,251,CPSEFESE,16935,44,Male,White,United States,United States,United States,English,No,Part-Time,N/A,Pass,N/A,N/A,Pass,N/A
6991fcb5cecd1723d23ed487,67e7cfd17a7062da8a273fbf,APPROVED,Not Applicable,2026-02-15T17:11:16.351000Z,2026-02-15T17:21:20.930000Z,2026-02-15T18:43:14.343000Z,2026-02-15T17:21:21.321621Z,605,CPSEFESE,1344,52,Female,White,United Kingdom,United Kingdom,United Kingdom,English,No,Full-Time,N/A,N/A,Pass,N/A,Pass,N/A
6991fcb6f08045930c85b238,59d3ef2c078dbe000195117f,APPROVED,Not Applicable,2026-02-15T17:06:12.690000Z,2026-02-15T17:10:21.755000Z,2026-02-15T18:43:14.589000Z,2026-02-15T17:10:22.145023Z,250,CPSEFESE,7225,51,Female,White,Ireland,United Kingdom,Ireland,English,No,Full-Time,N/A,N/A,Pass,N/A,Pass,N/A
6991fcb7adb72b1e64889bd4,696125abb83cbbfa966d0e64,APPROVED,Not Applicable,2026-02-15T17:05:00.124000Z,2026-02-15T17:13:03.189000Z,2026-02-15T18:43:14.844000Z,2026-02-15T17:13:03.607411Z,484,CPSEFESE,189,58,Female,White,United States,United States,United States,English,No,Part-Time,N/A,N/A,Pass,N/A,Pass,N/A
6991fcb7d19584c62177073f,59fc8a30087f2e0001ead66d,APPROVED,Not Applicable,2026-02-15T17:05:02.322000Z,2026-02-15T17:11:02.192000Z,2026-02-15T18:43:15.105000Z,2026-02-15T17:11:02.696134Z,360,CPSEFESE,2642,58,Female,White,United Kingdom,United Kingdom,United Kingdom,English,No,Unemployed (and job seeking),N/A,N/A,Pass,N/A,Pass,N/A
6991fcb9bf1d2ec11f35cff3,691dc31aad99081ff5328f5e,APPROVED,Not Applicable,2026-02-15T17:05:01.896000Z,2026-02-15T17:09:40.338000Z,2026-02-15T18:44:33.873000Z,2026-02-15T17:09:40.745880Z,279,CPSEFESE,104,35,Male,White,United States,United States,United States,English,No,Unemployed (and job seeking),N/A,N/A,N/A,Pass,N/A,N/A
6991fcba88023e7d772baf68,58404fd8ad98e40001ce915f,APPROVED,Not Applicable,2026-02-15T17:05:03.887000Z,2026-02-15T17:10:21.266000Z,2026-02-15T18:43:15.333000Z,2026-02-15T17:10:21.697805Z,318,CPSEFESE,8393,52,Female,White,United Kingdom,United Kingdom,United Kingdom,English,No,Full-Time,N/A,N/A,N/A,N/A,N/A,N/A
6991fcbe2779ddbe26f3934d,67797c48163f306505b530b5,APPROVED,Not Applicable,2026-02-15T17:10:06.099000Z,2026-02-15T17:15:02.067000Z,2026-02-15T18:43:15.574000Z,2026-02-15T17:15:02.498545Z,296,CPSEFESE,164,25,Female,White,United Kingdom,United Kingdom,United Kingdom,English,Yes,Part-Time,N/A,N/A,Pass,N/A,Pass,N/A
6991fcc0531252fe1d08e260,60b9689dc626572895cb801b,APPROVED,Not Applicable,2026-02-15T17:05:09.512000Z,2026-02-15T17:08:06.021000Z,2026-02-15T18:43:15.834000Z,2026-02-15T17:08:06.392838Z,177,CPSEFESE,3374,44,Female,White,United States,United States,United States,English,DATA_EXPIRED,DATA_EXPIRED,Pass,N/A,N/A,N/A,N/A,N/A
6991fcc0695b431510b7541b,663af31736aa8068ece7b8de,APPROVED,Not Applicable,2026-02-15T17:05:08.841000Z,2026-02-15T17:07:33.252000Z,2026-02-15T18:44:34.277000Z,2026-02-15T17:07:33.660492Z,145,CPSEFESE,253,23,Male,White,United States,United States,United States,English,Yes,Part-Time,N/A,N/A,Pass,N/A,Pass,N/A
6991fcc0e938677fd834d7ff,5ea8c40504081a31ebd22b41,APPROVED,Not Applicable,2026-02-15T17:05:09.872000Z,2026-02-15T17:08:01.349000Z,2026-02-15T18:43:16.142000Z,2026-02-15T17:08:01.736290Z,172,CPSEFESE,3121,62,Female,White,United Kingdom,United Kingdom,United Kingdom,English,No,"Not in paid work (e.g. homemaker', 'retired or disabled)",Pass,N/A,N/A,N/A,Pass,N/A
6991fcc1518dd7c487fb2dfa,698d1cfcd88915d5d855afdc,APPROVED,Not Applicable,2026-02-15T17:05:10.350000Z,2026-02-15T17:10:39.615000Z,2026-02-15T18:44:34.650000Z,2026-02-15T17:10:40.052204Z,330,CPSEFESE,8,43,Male,White,United States,United States,United States,English,No,Full-Time,N/A,N/A,Pass,N/A,Pass,Pass
6991fcc1f7e3997b7a7ae033,60a265fa5eb65e4e5caf297c,APPROVED,Not Applicable,2026-02-15T17:05:09.688000Z,2026-02-15T17:06:27.913000Z,2026-02-15T18:44:34.922000Z,2026-02-15T17:06:28.344955Z,79,CPSEFESE,2275,54,Male,White,United Kingdom,United Kingdom,United Kingdom,English,No,Full-Time,N/A,N/A,N/A,N/A,N/A,N/A
6991fcc37aeb7969d2ec279c,696408926149867c68c04739,APPROVED,Not Applicable,2026-02-15T17:05:13.963000Z,2026-02-15T17:10:49.602000Z,2026-02-15T18:44:35.191000Z,2026-02-15T17:10:49.993204Z,336,CPSEFESE,535,62,Male,Asian,Japan,United States,United States,English,No,"Not in paid work (e.g. homemaker', 'retired or disabled)",Pass,N/A,N/A,N/A,Pass,N/A
6991fcc43cf606235513af1e,6991275b3ca25d3990b9a9b9,APPROVED,Not Applicable,2026-02-15T17:05:14.212000Z,2026-02-15T17:14:07.598000Z,2026-02-15T18:44:35.456000Z,2026-02-15T17:14:08.075477Z,534,CPSEFESE,1,30,Male,Black,United States,United States,DATA_EXPIRED,English,No,Part-Time,N/A,Pass,N/A,N/A,Pass,N/A
6991fcc4d9f3c5af0702f796,5dd1dc9110420023be388e5d,APPROVED,Not Applicable,2026-02-15T17:05:13.419000Z,2026-02-15T17:07:54.240000Z,2026-02-15T18:43:16.431000Z,2026-02-15T17:07:54.636176Z,161,CPSEFESE,11150,49,Female,White,United States,United States,United States,English,No,"Not in paid work (e.g. homemaker', 'retired or disabled)",Pass,N/A,N/A,N/A,Pass,N/A
6991fcc5096c27eb90683e65,69381b6e1ec80567ae93569e,APPROVED,Not Applicable,2026-02-15T17:05:12.534000Z,2026-02-15T17:08:14.358000Z,2026-02-15T18:44:35.711000Z,2026-02-15T17:08:14.756230Z,182,CPSEFESE,29,27,Male,Mixed,United Kingdom,United Kingdom,United Kingdom,English,No,Full-Time,N/A,Pass,N/A,N/A,Pass,N/A
6991fcc57c63799ae221e18f,665d92a608fef982937744df,APPROVED,Not Applicable,2026-02-15T17:05:13.103000Z,2026-02-15T17:08:23.767000Z,2026-02-15T18:44:35.997000Z,2026-02-15T17:08:24.135476Z,191,CPSEFESE,6064,51,Male,White,United States,United States,United States,English,No,Full-Time,Pass,N/A,N/A,N/A,Pass,N/A
6991fcc5e80240a4a38cb410,6728ebe529ec0497518945c6,APPROVED,Not Applicable,2026-02-15T17:05:18.143000Z,2026-02-15T17:08:58.992000Z,2026-02-15T18:43:16.661000Z,2026-02-15T17:08:59.452610Z,221,CPSEFESE,349,31,Female,Other,United States,United States,United States,English,No,Full-Time,N/A,Pass,N/A,N/A,Pass,N/A
6991fcc612bfe10aa6c0b4d2,666f1b4438a4b9146bfbb767,APPROVED,Not Applicable,2026-02-15T17:05:16.979000Z,2026-02-15T17:11:02.288000Z,2026-02-15T18:43:16.905000Z,2026-02-15T17:11:02.692002Z,346,CPSEFESE,2281,53,Female,White,United Kingdom,United Kingdom,United Kingdom,English,Yes,Part-Time,Pass,N/A,N/A,N/A,N/A,N/A
6991fcc6c0a3af240f2f47ac,5ce5a99c0af4f10015c5b6cf,APPROVED,Not Applicable,2026-02-15T17:05:15.218000Z,2026-02-15T17:08:57.866000Z,2026-02-15T18:43:17.150000Z,2026-02-15T17:08:58.680229Z,223,CPSEFESE,1948,45,Female,White,United Kingdom,United Kingdom,United Kingdom,English,No,Full-Time,N/A,N/A,Pass,N/A,Pass,N/A
6991fcc6e0b35f50887b40a9,69548bee05f2522a60d8fdbe,APPROVED,Not Applicable,2026-02-15T17:05:18.566000Z,2026-02-15T17:09:46.830000Z,2026-02-15T18:44:36.275000Z,2026-02-15T17:09:47.246114Z,269,CPSEFESE,358,36,Male,White,United States,United States,United States,English,Yes,Full-Time,Pass,N/A,N/A,N/A,Pass,N/A
6991fcc7b7f5c1e440a16576,67a4fd5439e7b8f92c7b6ec7,APPROVED,Not Applicable,2026-02-15T17:05:18.195000Z,2026-02-15T17:18:42.853000Z,2026-02-15T18:44:36.549000Z,2026-02-15T17:18:43.728883Z,805,CPSEFESE,2189,36,Male,Black,Nigeria,United States,United States,English,DATA_EXPIRED,DATA_EXPIRED,N/A,N/A,Pass,N/A,Pass,Pass
6991fcc94f4bf9c15d425269,67858fffbdfd020464712859,APPROVED,Not Applicable,2026-02-15T17:05:19.145000Z,2026-02-15T17:09:38.502000Z,2026-02-15T18:44:36.808000Z,2026-02-15T17:09:38.979841Z,260,CPSEFESE,4622,64,Male,White,Canada,United States,United States,English,No,Full-Time,Pass,N/A,N/A,N/A,Pass,N/A
6991fcc99fce8bac9fce47c9,5f66893ee1a5b726ff88b66f,APPROVED,Not Applicable,2026-02-15T17:07:32.661000Z,2026-02-15T17:20:22.884000Z,2026-02-15T18:44:37.124000Z,2026-02-15T17:20:23.314439Z,771,CPSEFESE,6607,45,Male,Asian,Philippines,United States,United States,English,DATA_EXPIRED,Part-Time,N/A,N/A,Pass,N/A,N/A,N/A
6991fccb7cce87600e249421,69862b7bfb94cdda05b29fdc,APPROVED,Not Applicable,2026-02-15T17:05:19.537000Z,2026-02-15T17:07:47.730000Z,2026-02-15T18:44:37.412000Z,2026-02-15T17:07:48.140541Z,149,CPSEFESE,41,37,Male,White,United States,United States,United States,English,No,Full-Time,N/A,N/A,N/A,Pass,Pass,N/A
6991fccd3c387d99df77cb85,6612dd63ac583a46f80a2d2b,APPROVED,Not Applicable,2026-02-15T17:05:22.936000Z,2026-02-15T17:10:47.616000Z,2026-02-15T18:43:17.394000Z,2026-02-15T17:10:48.023919Z,325,CPSEFESE,526,45,Female,White,United Kingdom,United Kingdom,United Kingdom,English,No,DATA_EXPIRED,N/A,N/A,N/A,Pass,Pass,N/A
6991fccdc3c1d78c7dd6d924,6925c3f47cd4ad8c043ee3cb,APPROVED,Not Applicable,2026-02-15T17:05:20.522000Z,2026-02-15T17:09:30.074000Z,2026-02-15T18:44:37.671000Z,2026-02-15T17:09:30.494870Z,250,CPSEFESE,840,38,Male,White,United States,United States,DATA_EXPIRED,English,No,Full-Time,Pass,N/A,N/A,N/A,Pass,N/A
6991fccef7e3997b7a7ae038,6150792b260ce6cdd47941c9,APPROVED,Not Applicable,2026-02-15T17:05:25.632000Z,2026-02-15T17:08:18.843000Z,2026-02-15T18:44:37.913000Z,2026-02-15T17:08:19.375023Z,174,CPSEFESE,3068,54,Male,White,United Kingdom,United Kingdom,United Kingdom,English,No,Full-Time,N/A,N/A,Pass,N/A,Pass,N/A
6991fccfd47a35fcfcce1269,672413541a4832a40147dec7,APPROVED,Not Applicable,2026-02-15T17:05:35.669000Z,2026-02-15T17:12:51.573000Z,2026-02-15T18:43:17.732000Z,2026-02-15T17:12:51.973876Z,436,CPSEFESE,1021,41,Female,White,United States,United States,United States,English,DATA_EXPIRED,Full-Time,N/A,N/A,Pass,N/A,Pass,N/A
6991fcd36fe74e2a7df3b21a,6942e989152008bf93718f0e,APPROVED,Not Applicable,2026-02-15T17:05:27Z,2026-02-15T17:13:21.573000Z,2026-02-15T18:43:18.137000Z,2026-02-15T17:13:21.941819Z,475,CPSEFESE,490,30,Female,White,United States,United States,United States,English,No,Full-Time,N/A,N/A,Pass,N/A,Pass,N/A
6991fcd3f851a16926400755,66b260c888f10ca814891d8e,APPROVED,Not Applicable,2026-02-15T17:05:25.984000Z,2026-02-15T17:10:00.669000Z,2026-02-15T18:43:18.454000Z,2026-02-15T17:10:01.104548Z,275,CPSEFESE,157,27,Female,White,United States,United States,United States,English,No,Full-Time,N/A,N/A,Pass,N/A,Pass,N/A
6991fcd41810fbed61ffd934,696947cda3c439b21de3df18,APPROVED,Not Applicable,2026-02-15T17:05:30.525000Z,2026-02-15T17:09:11.677000Z,2026-02-15T18:43:18.769000Z,2026-02-15T17:09:12.046946Z,222,CPSEFESE,277,34,Female,White,United States,United States,United States,English,No,Full-Time,N/A,N/A,Pass,N/A,Pass,N/A
6991fcd4d48ff8b819b4d320,558f226dfdf99b6ebd36218a,APPROVED,Not Applicable,2026-02-15T17:12:54.708000Z,2026-02-15T17:17:39.778000Z,2026-02-15T18:44:38.151000Z,2026-02-15T17:17:40.227276Z,286,CPSEFESE,1426,46,Male,White,United States,United States,United States,English,No,Full-Time,N/A,N/A,N/A,Pass,Pass,N/A
6991fcd4f7e3997b7a7ae03b,671d39090c9e2ad9ec75a03c,APPROVED,Not Applicable,2026-02-15T17:05:28.932000Z,2026-02-15T17:11:09.056000Z,2026-02-15T18:43:19.020000Z,2026-02-15T17:11:09.462260Z,341,CPSEFESE,2281,60,Female,White,United Kingdom,United Kingdom,United Kingdom,English,No,"Not in paid work (e.g. homemaker', 'retired or disabled)",N/A,N/A,Pass,N/A,Pass,N/A
6991fcd54de1a0e529603192,5cb5e6927a92c500015c0de1,APPROVED,Not Applicable,2026-02-15T17:05:30.844000Z,2026-02-15T17:09:28.374000Z,2026-02-15T18:43:19.990000Z,2026-02-15T17:09:28.812889Z,238,CPSEFESE,9964,44,Female,White,United States,United States,Norway,English,No,Full-Time,N/A,N/A,N/A,Pass,Pass,N/A
6991fcd6535f9f066ca39c95,66558ce8a1a2cbf68fdbab18,APPROVED,Not Applicable,2026-02-15T17:05:30.577000Z,2026-02-15T17:10:34.133000Z,2026-02-15T18:44:38.401000Z,2026-02-15T17:10:34.598432Z,304,CPSEFESE,2388,36,Male,Asian,Philippines,United States,United States,English,DATA_EXPIRED,DATA_EXPIRED,Pass,N/A,N/A,N/A,Pass,N/A
6991fcd6812a3db656b507cc,696a87c6985da308a9f2829c,APPROVED,Not Applicable,2026-02-15T17:05:29.065000Z,2026-02-15T17:08:54.925000Z,2026-02-15T18:44:38.640000Z,2026-02-15T17:08:55.354009Z,206,CPSEFESE,177,36,Male,White,France,United Kingdom,France,French,No,Full-Time,N/A,N/A,N/A,Pass,Pass,N/A
6991fcd7b2f99df7dd81162a,66c0d9ef3c9b1d596446f813,APPROVED,Not Applicable,2026-02-15T17:05:32.931000Z,2026-02-15T17:07:12.071000Z,2026-02-15T18:44:38.881000Z,2026-02-15T17:07:12.459083Z,100,CPSEFESE,3561,43,Male,Asian,United States,United States,United States,English,No,Full-Time,N/A,Pass,N/A,N/A,Pass,N/A
6991fcd9dc424445e2743e45,6785b2451b46b57b6bcbd509,APPROVED,Not Applicable,2026-02-15T17:05:34.426000Z,2026-02-15T17:10:06.448000Z,2026-02-15T18:43:20.372000Z,2026-02-15T17:10:06.842492Z,273,CPSEFESE,601,46,Female,Mixed,Costa Rica,United States,United States,English,No,Unemployed (and job seeking),Pass,N/A,N/A,N/A,Pass,N/A
6991fcd9f763faa0b5045af2,660a6b953836d16312814993,APPROVED,Not Applicable,2026-02-15T17:05:33.521000Z,2026-02-15T17:09:59.436000Z,2026-02-15T18:44:39.124000Z,2026-02-15T17:09:59.843584Z,266,CPSEFESE,4118,33,Male,White,United Kingdom,United Kingdom,United Kingdom,English,No,Full-Time,N/A,N/A,Pass,N/A,Pass,N/A
6991fcda037341f3d1b92663,61120fb731c4f2690e58b6cc,APPROVED,Not Applicable,2026-02-15T17:05:33.498000Z,2026-02-15T17:07:46.226000Z,2026-02-15T18:44:39.352000Z,2026-02-15T17:07:46.637150Z,133,CPSEFESE,250,23,Male,White,United Kingdom,United Kingdom,United Kingdom,English,DATA_EXPIRED,DATA_EXPIRED,Pass,N/A,N/A,N/A,Pass,N/A
6991fcdd8acee402d58a5116,61086c714ebfaefbb62531b2,APPROVED,Not Applicable,2026-02-15T17:05:38.017000Z,2026-02-15T17:11:26.088000Z,2026-02-15T18:43:20.696000Z,2026-02-15T17:11:26.783482Z,349,CPSEFESE,2543,25,Female,Asian,United States,United States,United States,English,DATA_EXPIRED,Full-Time,N/A,Pass,N/A,N/A,Pass,N/A
6991fcdeadb72b1e64889bde,698cee68ca4bbd8890d44d38,APPROVED,Not Applicable,2026-02-15T17:05:41.112000Z,2026-02-15T17:11:19.644000Z,2026-02-15T18:43:21.028000Z,2026-02-15T17:11:20.077877Z,339,CPSEFESE,21,25,Female,White,United States,United States,United States,English,No,Full-Time,N/A,N/A,N/A,Pass,Pass,N/A
6991fcdec0a3af240f2f47c2,677ec71e9bd4b089a9a02585,APPROVED,Not Applicable,2026-02-15T17:05:39.143000Z,2026-02-15T17:09:33.934000Z,2026-02-15T18:43:21.359000Z,2026-02-15T17:09:34.968129Z,235,CPSEFESE,1115,54,Female,Black,United Kingdom,United Kingdom,United Kingdom,English,No,Full-Time,N/A,N/A,N/A,Pass,N/A,N/A
6991fcdf6bc52c1f1554fbac,62878aaca0be0ca1e7a3e553,APPROVED,Not Applicable,2026-02-15T17:05:42.464000Z,2026-02-15T17:25:36.165000Z,2026-02-15T18:43:21.604000Z,2026-02-15T17:25:36.574479Z,1194,CPSEFESE,2194,50,Female,White,United States,United States,United States,English,No,Part-Time,N/A,Pass,N/A,N/A,Pass,N/A
6991fce35a5a5dc1b667622d,5a2ddcfde1a26800016bbe2c,APPROVED,Not Applicable,2026-02-15T17:05:43.885000Z,2026-02-15T17:11:44.354000Z,2026-02-15T18:43:21.850000Z,2026-02-15T17:11:44.730392Z,361,CPSEFESE,3539,51,Female,White,United States,United States,United States,English,No,"Not in paid work (e.g. homemaker', 'retired or disabled)",N/A,N/A,N/A,Pass,Pass,N/A
6991fce4f62d67ce19400e59,648372339f2307df269b2851,APPROVED,Not Applicable,2026-02-15T17:05:47.292000Z,2026-02-15T17:10:28.801000Z,2026-02-15T18:43:22.088000Z,2026-02-15T17:10:29.242243Z,282,CPSEFESE,99,52,Female,White,United Kingdom,United Kingdom,United Kingdom,English,No,Part-Time,N/A,Pass,N/A,N/A,Pass,N/A
6991fce61810fbed61ffd939,6430c599f0887cb443f8da9a,APPROVED,Not Applicable,2026-02-15T17:05:46.589000Z,2026-02-15T17:08:26.466000Z,2026-02-15T18:44:39.589000Z,2026-02-15T17:08:26.901148Z,160,CPSEFESE,5365,55,Male,White,United States,United States,United States,English,DATA_EXPIRED,DATA_EXPIRED,N/A,N/A,N/A,Pass,Pass,N/A
6991fce7c41bdf491ec02f64,56f7e6ee35c4760006278ee0,APPROVED,Not Applicable,2026-02-15T17:05:49.294000Z,2026-02-15T17:08:14.935000Z,2026-02-15T18:43:22.313000Z,2026-02-15T17:08:15.791421Z,146,CPSEFESE,2381,49,Female,White,Poland,United Kingdom,Poland,English,No,Full-Time,Pass,N/A,N/A,N/A,N/A,N/A
6991fce8f62d67ce19400e5b,66b3e1a7d4c519830e80bba1,APPROVED,Not Applicable,2026-02-15T17:05:48.613000Z,2026-02-15T17:08:22.841000Z,2026-02-15T18:44:39.822000Z,2026-02-15T17:08:23.298935Z,155,CPSEFESE,4630,33,Male,Asian,United States,United States,United States,English,No,Full-Time,N/A,N/A,Pass,N/A,N/A,N/A
6991fce98e5be003b35f01fe,65a7027c88eae2b9a68ae596,APPROVED,Not Applicable,2026-02-15T17:06:17.683000Z,2026-02-15T17:39:36.799000Z,2026-02-15T18:43:22.556000Z,2026-02-15T17:39:37.594989Z,2000,CPSEFESE,11038,53,Female,White,United States,United States,United States,English,DATA_EXPIRED,DATA_EXPIRED,Pass,N/A,N/A,N/A,Pass,N/A
6991fce9bd3a4a6a8f1abae3,605363bb60479c6e682fa925,APPROVED,Not Applicable,2026-02-15T17:05:48.649000Z,2026-02-15T17:08:08.295000Z,2026-02-15T18:43:22.822000Z,2026-02-15T17:08:08.712924Z,140,CPSEFESE,1214,31,Female,White,United States,United States,United States,English,DATA_EXPIRED,Full-Time,N/A,N/A,Pass,N/A,Pass,N/A
6991fceaad47ceb9001bc3dc,66551af976effabe847b670e,APPROVED,Not Applicable,2026-02-15T17:05:48.965000Z,2026-02-15T17:09:39.944000Z,2026-02-15T18:44:40.082000Z,2026-02-15T17:09:40.349700Z,231,CPSEFESE,549,36,Male,Mixed,United States,United States,United States,English,No,Part-Time,N/A,N/A,Pass,N/A,Pass,N/A
6991fcec380a16c5cc79010b,646346fe4c7507b84b11a28a,APPROVED,Not Applicable,2026-02-15T17:09:02.918000Z,2026-02-15T17:16:42.258000Z,2026-02-15T18:44:40.333000Z,2026-02-15T17:16:42.664986Z,460,CPSEFESE,4316,54,Male,White,United Kingdom,United Kingdom,United Kingdom,English,No,Full-Time,N/A,N/A,N/A,Pass,N/A,N/A
6991fcecf763faa0b5045af8,614becce61f2753af92727bb,APPROVED,Not Applicable,2026-02-15T17:05:52.409000Z,2026-02-15T17:16:10.346000Z,2026-02-15T18:44:40.558000Z,2026-02-15T17:16:10.734416Z,618,CPSEFESE,6727,43,Male,Other,United States,United States,United States,English,No,Full-Time,N/A,Pass,N/A,N/A,Pass,N/A
6991fcef91a178a2ec8e16c4,5f8aa207fb62d0000838847c,APPROVED,Not Applicable,2026-02-15T17:09:59.324000Z,2026-02-15T17:17:26.514000Z,2026-02-15T18:44:40.814000Z,2026-02-15T17:17:26.929795Z,448,CPSEFESE,1572,49,Male,White,United Kingdom,United Kingdom,United Kingdom,Greek,No,Other,Pass,N/A,N/A,N/A,Pass,N/A
6991fcf029f07693cdfb2d88,5e3f778e91be661ca60e3540,APPROVED,Not Applicable,2026-02-15T17:05:57.785000Z,2026-02-15T17:11:48.424000Z,2026-02-15T18:44:41.056000Z,2026-02-15T17:11:48.841536Z,351,CPSEFESE,7865,35,Male,Other,United States,United States,United States,English,DATA_EXPIRED,DATA_EXPIRED,N/A,N/A,Pass,N/A,Pass,N/A
6991fcf0d82583c3a857475d,5d869d0f2393700001ef8039,APPROVED,Not Applicable,2026-02-15T17:05:54.737000Z,2026-02-15T17:08:35.472000Z,2026-02-15T18:44:41.334000Z,2026-02-15T17:08:35.898028Z,161,CPSEFESE,416,26,Male,Asian,United Kingdom,United Kingdom,United Kingdom,English,No,Full-Time,N/A,Pass,N/A,N/A,Pass,N/A
6991fcf1cb25989c5c8a1b89,691f1c963ab988379a94b975,APPROVED,Not Applicable,2026-02-15T17:05:56.465000Z,2026-02-15T17:09:32.741000Z,2026-02-15T18:44:41.681000Z,2026-02-15T17:09:33.120222Z,217,CPSEFESE,1170,48,Male,White,United States,United States,United States,English,No,Full-Time,N/A,N/A,N/A,Pass,N/A,N/A
6991fcf3380a16c5cc79010e,6559e8fcb4e07db3db4e2165,APPROVED,Not Applicable,2026-02-15T17:05:59.916000Z,2026-02-15T17:11:12.500000Z,2026-02-15T18:44:41.976000Z,2026-02-15T17:11:12.969914Z,313,CPSEFESE,967,70,Male,White,United Kingdom,United Kingdom,United Kingdom,English,No,"Not in paid work (e.g. homemaker', 'retired or disabled)",N/A,Pass,N/A,N/A,Pass,N/A
6991fcf36e4b934c6e225f42,60a2c2ea04fc6b2de2f14da9,APPROVED,Not Applicable,2026-02-15T17:05:59.323000Z,2026-02-15T17:11:03.564000Z,2026-02-15T18:43:23.054000Z,2026-02-15T17:11:04.122636Z,305,CPSEFESE,3579,61,Female,White,United States,United States,United States,English,No,"Not in paid work (e.g. homemaker', 'retired or disabled)",N/A,N/A,Pass,N/A,Pass,N/A
6991fcf43c387d99df77cb91,606cf604adbb6982bb382881,APPROVED,Not Applicable,2026-02-15T17:06:01.957000Z,2026-02-15T17:12:45.923000Z,2026-02-15T18:44:42.209000Z,2026-02-15T17:12:46.319541Z,404,CPSEFESE,10335,40,Male,White,United States,United States,United States,English,No,Full-Time,N/A,Pass,N/A,N/A,Pass,N/A
6991fcf5e0b35f50887b40b5,5c03e86d55555b0001caf233,APPROVED,Not Applicable,2026-02-15T17:06:00.221000Z,2026-02-15T17:09:59.232000Z,2026-02-15T18:44:42.468000Z,2026-02-15T17:09:59.669737Z,240,CPSEFESE,314,37,Male,White,United Kingdom,United Kingdom,United Kingdom,English,No,"Not in paid work (e.g. homemaker', 'retired or disabled)",N/A,Pass,N/A,N/A,Pass,N/A
6991fcf7a6e8210fc9e8e88d,5beca802fcb5fe0001259b62,APPROVED,Not Applicable,2026-02-15T17:06:06.855000Z,2026-02-15T17:10:18.456000Z,2026-02-15T18:43:23.310000Z,2026-02-15T17:10:18.841161Z,252,CPSEFESE,4509,33,Female,White,United States,United States,United States,English,DATA_EXPIRED,DATA_EXPIRED,N/A,N/A,N/A,Pass,Pass,N/A
6991fcf88c73df6440465637,5b7ecfe47a63030001019c35,APPROVED,Not Applicable,2026-02-15T17:06:03.345000Z,2026-02-15T17:09:34.915000Z,2026-02-15T18:44:42.701000Z,2026-02-15T17:09:35.344635Z,212,CPSEFESE,4034,41,Male,White,United Kingdom,United Kingdom,United Kingdom,English,No,Full-Time,Pass,N/A,N/A,N/A,Pass,N/A
6991fcf895a0f16d0dac7fee,615085e1473e6bb28212e205,APPROVED,Not Applicable,2026-02-15T17:06:04.653000Z,2026-02-15T17:10:36.682000Z,2026-02-15T18:43:23.547000Z,2026-02-15T17:10:37.066200Z,273,CPSEFESE,3052,36,Female,White,United States,United States,United States,English,DATA_EXPIRED,DATA_EXPIRED,N/A,N/A,N/A,Pass,Pass,N/A
6991fcf9caa88894b5b02080,6758c5f19c945b4a61c4d4a0,APPROVED,Not Applicable,2026-02-15T17:06:07.914000Z,2026-02-15T17:10:15.850000Z,2026-02-15T18:43:23.778000Z,2026-02-15T17:10:16.281878Z,248,CPSEFESE,770,48,Female,Black,United States,United States,United States,English,No,Full-Time,N/A,Pass,N/A,N/A,Pass,N/A
6991fcfacaa88894b5b02082,6630f0ba3c7dd0308672336a,APPROVED,Not Applicable,2026-02-15T17:07:08.486000Z,2026-02-15T17:23:26.873000Z,2026-02-15T18:43:24.033000Z,2026-02-15T17:23:27.304200Z,979,CPSEFESE,3342,52,Female,White,United States,United States,United States,English,No,Full-Time,N/A,N/A,Pass,N/A,N/A,N/A
6991fcff45f98e24abe57970,6716c6700f376dc7f534af9d,APPROVED,Not Applicable,2026-02-15T17:06:28.374000Z,2026-02-15T17:13:10.361000Z,2026-02-15T18:43:24.330000Z,2026-02-15T17:13:10.794559Z,402,CPSEFESE,3001,51,Female,White,United Kingdom,United Kingdom,United Kingdom,English,No,Full-Time,N/A,N/A,N/A,Pass,Pass,N/A
6991fcff7a632b72f99a515f,697a4547299075cff1272115,APPROVED,Not Applicable,2026-02-15T17:06:10.575000Z,2026-02-15T17:08:43.077000Z,2026-02-15T18:44:42.941000Z,2026-02-15T17:08:43.468063Z,153,CPSEFESE,113,27,Male,White,United States,United States,United States,English,No,Full-Time,N/A,Pass,N/A,N/A,Pass,N/A
6991fd005a5a5dc1b6676231,6990efc031106a0a55b41f20,APPROVED,Not Applicable,2026-02-15T17:06:19.566000Z,2026-02-15T17:11:39.975000Z,2026-02-15T18:43:24.651000Z,2026-02-15T17:11:40.386828Z,321,CPSEFESE,5,30,Female,White,United States,United States,DATA_EXPIRED,English,No,Full-Time,Pass,N/A,N/A,N/A,Pass,N/A
6991fd00d48ff8b819b4d32c,5fce87101036290e0bec1bc0,APPROVED,Not Applicable,2026-02-15T17:06:11.882000Z,2026-02-15T17:08:03.439000Z,2026-02-15T18:43:24.994000Z,2026-02-15T17:08:03.911793Z,112,CPSEFESE,1592,34,Female,White,United States,United States,United States,English,Yes,Full-Time,N/A,Pass,N/A,N/A,Pass,N/A
6991fd028f75466c8f32b450,587249a2e9cb31000195ed09,APPROVED,Not Applicable,2026-02-15T17:07:18.310000Z,2026-02-15T17:21:02.757000Z,2026-02-15T18:44:43.213000Z,2026-02-15T17:21:03.204463Z,825,CPSEFESE,3390,64,Male,White,United Kingdom,United Kingdom,United Kingdom,English,No,DATA_EXPIRED,N/A,N/A,N/A,Pass,Pass,N/A
6991fd0385846a02825d12ed,5d25df839542a40001a83bf4,APPROVED,Not Applicable,2026-02-15T17:06:19.107000Z,2026-02-15T17:16:42.817000Z,2026-02-15T18:43:25.390000Z,2026-02-15T17:16:43.255403Z,624,CPSEFESE,1769,46,Female,White,United States,United States,United States,English,No,Full-Time,N/A,Pass,N/A,N/A,Pass,N/A
6991fd039eda248cb13ed3dd,55bb9ae7fdf99b26d27fda01,APPROVED,Not Applicable,2026-02-15T17:06:22.664000Z,2026-02-15T17:11:42.388000Z,2026-02-15T18:43:25.719000Z,2026-02-15T17:11:42.818190Z,320,CPSEFESE,7741,39,Female,White,United States,United States,United States,English,No,Part-Time,N/A,N/A,Pass,N/A,Pass,N/A
6991fd03a6632b42c3d204dd,664f3f412dedc21e7b32fcff,APPROVED,Not Applicable,2026-02-15T17:06:17.165000Z,2026-02-15T17:15:04.997000Z,2026-02-15T18:43:26.538000Z,2026-02-15T17:15:05.514636Z,528,CPSEFESE,680,37,Female,Asian,United Kingdom,United Kingdom,United Kingdom,Chinese,No,Unemployed (and job seeking),N/A,N/A,Pass,N/A,Pass,N/A
6991fd08271b2409f42533a5,660c0f5e2194f64ac63b0930,APPROVED,Not Applicable,2026-02-15T17:06:20.056000Z,2026-02-15T17:10:22.732000Z,2026-02-15T18:44:43.450000Z,2026-02-15T17:10:23.206276Z,243,CPSEFESE,1514,28,Male,Mixed,United States,United States,United States,English,No,Full-Time,N/A,N/A,Pass,N/A,Pass,N/A
6991fd0a77a0c2afd396134c,60d9b3b520827b7da272098b,APPROVED,Not Applicable,2026-02-15T17:06:22.821000Z,2026-02-15T17:09:35.156000Z,2026-02-15T18:43:26.811000Z,2026-02-15T17:09:35.529681Z,193,CPSEFESE,2036,43,Female,White,United States,United States,United States,English,No,Full-Time,Pass,N/A,N/A,N/A,Pass,N/A
6991fd0bb64de98d913b0006,67b10c5dfc3a653912c55891,APPROVED,Not Applicable,2026-02-15T17:06:23.695000Z,2026-02-15T17:10:11.886000Z,2026-02-15T18:43:27.047000Z,2026-02-15T17:10:12.360667Z,229,CPSEFESE,10,53,Female,White,United States,United States,United States,English,Yes,Part-Time,N/A,N/A,N/A,Pass,Pass,N/A
6991fd0dacf213f8674b247b,6614fb6af3c5aa23b962ea2d,APPROVED,Not Applicable,2026-02-15T17:06:27.254000Z,2026-02-15T17:11:29.951000Z,2026-02-15T18:44:43.707000Z,2026-02-15T17:11:30.489210Z,303,CPSEFESE,2661,57,Male,Asian,India,United Kingdom,United Kingdom,English,No,"Not in paid work (e.g. homemaker', 'retired or disabled)",N/A,N/A,N/A,Pass,Pass,N/A
6991fd1119f82a680605e2c8,5df0d69bfef3dc000ea36cee,APPROVED,Not Applicable,2026-02-15T17:06:43.372000Z,2026-02-15T17:15:41.807000Z,2026-02-15T18:43:27.303000Z,2026-02-15T17:15:42.246619Z,539,CPSEFESE,1143,30,Female,White,United Kingdom,United Kingdom,United Kingdom,English,No,Part-Time,Pass,N/A,N/A,N/A,Pass,N/A
6991fd15634d7384599ccdae,6654564b8702377b93366849,APPROVED,Not Applicable,2026-02-15T17:06:47.866000Z,2026-02-15T17:12:26.680000Z,2026-02-15T18:43:27.542000Z,2026-02-15T17:12:27.088877Z,339,CPSEFESE,1545,41,Female,White,France,United Kingdom,France,French,No,Full-Time,Pass,N/A,N/A,N/A,Pass,N/A
6991fd15fe833063db1b0100,66fd835228aebc29f41c47ca,APPROVED,Not Applicable,2026-02-15T17:06:34.662000Z,2026-02-15T17:12:24.159000Z,2026-02-15T18:43:27.772000Z,2026-02-15T17:12:24.650061Z,350,CPSEFESE,1306,47,Female,Other,United States,United States,United States,English,No,Unemployed (and job seeking),Pass,N/A,N/A,N/A,N/A,N/A
6991fd16281bc416560b8ba5,69415c44b90a33876723156c,APPROVED,Not Applicable,2026-02-15T17:06:34.433000Z,2026-02-15T17:11:13.047000Z,2026-02-15T18:43:28.006000Z,2026-02-15T17:11:13.731320Z,279,CPSEFESE,220,43,Female,White,United States,United States,United States,English,No,Full-Time,N/A,N/A,Pass,N/A,Pass,N/A
6991fd1662558c93b25f35f8,68423451060859f8ce31ee5a,APPROVED,Not Applicable,2026-02-15T17:06:38.136000Z,2026-02-15T17:21:34.761000Z,2026-02-15T18:43:28.250000Z,2026-02-15T17:21:35.273695Z,897,CPSEFESE,1275,39,Female,White,United States,United States,United States,English,No,Part-Time,N/A,N/A,Pass,N/A,Pass,N/A
6991fd1b8f4b90f42a69fd31,69910b4872f44528733cc53e,APPROVED,Not Applicable,2026-02-15T17:06:41.128000Z,2026-02-15T17:10:29.597000Z,2026-02-15T18:43:28.495000Z,2026-02-15T17:10:30.050683Z,229,CPSEFESE,6,48,Female,Prefer not to say,United States,United States,United States,English,No,Full-Time,N/A,Pass,N/A,N/A,Pass,N/A
6991fd1e67d20664127ded2c,645179915e31c1aeb3dc8129,APPROVED,Not Applicable,2026-02-15T17:10:25.387000Z,2026-02-15T17:14:12.443000Z,2026-02-15T18:44:43.976000Z,2026-02-15T17:14:13.006545Z,228,CPSEFESE,8333,62,Male,White,United States,United States,United States,English,No,Full-Time,N/A,N/A,Pass,N/A,Pass,N/A
6991fd2073670d7f927d672a,6978d0c62defec8ac81f940b,APPROVED,Not Applicable,2026-02-15T17:06:45.748000Z,2026-02-15T17:10:40.093000Z,2026-02-15T18:43:28.731000Z,2026-02-15T17:10:40.520201Z,235,CPSEFESE,48,33,Female,White,United Kingdom,United Kingdom,United Kingdom,English,No,Unemployed (and job seeking),Pass,N/A,N/A,N/A,Pass,N/A
6991fd238be228df328eedb8,61bb399b40db417c1a138ea3,APPROVED,Not Applicable,2026-02-15T17:06:49.262000Z,2026-02-15T17:11:21.024000Z,2026-02-15T18:43:28.976000Z,2026-02-15T17:11:21.409321Z,272,CPSEFESE,422,29,Female,White,United States,United States,United States,English,DATA_EXPIRED,DATA_EXPIRED,N/A,N/A,N/A,Pass,Pass,N/A
6991fd28674320f5239ff8ed,698bd173e4842a5bd8ad85bb,APPROVED,Not Applicable,2026-02-15T17:06:53.501000Z,2026-02-15T17:09:04.610000Z,2026-02-15T18:43:29.226000Z,2026-02-15T17:09:05.002529Z,132,CPSEFESE,22,23,Female,Asian,United States,United States,United States,English,No,Full-Time,N/A,N/A,Pass,N/A,Pass,N/A
6991fd2cc88a30c03bbe75d9,6978d4afc2649c9396f7266c,APPROVED,Not Applicable,2026-02-15T17:06:58.351000Z,2026-02-15T17:11:37.379000Z,2026-02-15T18:43:29.465000Z,2026-02-15T17:11:37.764481Z,280,CPSEFESE,192,33,Female,White,United Kingdom,United Kingdom,United Kingdom,English,No,Full-Time,N/A,N/A,N/A,Pass,Pass,N/A
6991fd3ec41bdf491ec02f75,5fd5ef3cb8ec2745c10454e3,APPROVED,Not Applicable,2026-02-15T17:07:14.582000Z,2026-02-15T17:11:25.541000Z,2026-02-15T18:43:31.738000Z,2026-02-15T17:11:25.947572Z,251,CPSEFESE,1685,60,Female,White,United Kingdom,United Kingdom,United Kingdom,English,DATA_EXPIRED,DATA_EXPIRED,N/A,N/A,Pass,N/A,Pass,N/A
6991fd3f8c73df6440465645,676055469b245b53e81358d0,APPROVED,Not Applicable,2026-02-15T17:07:28.742000Z,2026-02-15T17:12:34.764000Z,2026-02-15T18:44:44.888000Z,2026-02-15T17:12:35.221308Z,307,CPSEFESE,5743,21,Male,White,United Kingdom,United Kingdom,United Kingdom,English,Yes,"Not in paid work (e.g. homemaker', 'retired or disabled)",N/A,N/A,Pass,N/A,Pass,N/A
6991fd4069c14adf9903b15a,6971f9b5b20f004d9bfc9397,APPROVED,Not Applicable,2026-02-15T17:07:17.724000Z,2026-02-15T17:09:03.974000Z,2026-02-15T18:44:45.129000Z,2026-02-15T17:09:04.651303Z,107,CPSEFESE,2,31,Male,White,United Kingdom,United Kingdom,United Kingdom,English,No,Full-Time,Pass,N/A,N/A,N/A,Pass,N/A
6991fd458acee402d58a5129,67b735b4fe304046ac0528fe,APPROVED,Not Applicable,2026-02-15T17:07:26.589000Z,2026-02-15T17:15:38.021000Z,2026-02-15T18:43:32.470000Z,2026-02-15T17:15:38.465922Z,492,CPSEFESE,861,52,Female,Black,United States,United States,United States,English,No,Unemployed (and job seeking),N/A,N/A,Pass,N/A,Pass,N/A
6991fd48caa88894b5b02091,6690f44c75d27834eaccdaf4,APPROVED,Not Applicable,2026-02-15T17:07:29.127000Z,2026-02-15T17:13:06.562000Z,2026-02-15T18:43:32.764000Z,2026-02-15T17:13:06.925140Z,338,CPSEFESE,95,50,Female,White,United Kingdom,United Kingdom,United Kingdom,English,No,Unemployed (and job seeking),N/A,N/A,N/A,Pass,Pass,N/A
6991fd49595081ed49f0ddbc,62b4403257f7d42730f83394,APPROVED,Not Applicable,2026-02-15T17:07:25.251000Z,2026-02-15T17:21:10.700000Z,2026-02-15T18:44:45.374000Z,2026-02-15T17:21:11.075494Z,826,CPSEFESE,3086,41,Male,Mixed,United Kingdom,United Kingdom,United Kingdom,English,No,Full-Time,Pass,N/A,N/A,N/A,Pass,N/A
6991fd4982a707003357294c,6979159f73a385efb16e01bb,APPROVED,Not Applicable,2026-02-15T17:07:23.563000Z,2026-02-15T17:10:20.501000Z,2026-02-15T18:43:33.064000Z,2026-02-15T17:10:20.958153Z,177,CPSEFESE,115,26,Female,White,Germany,United Kingdom,Germany,German,No,Full-Time,N/A,N/A,Pass,N/A,Pass,N/A
6991fd51d48ff8b819b4d339,60c6cd8bacdf5d1f27924048,APPROVED,Not Applicable,2026-02-15T17:07:40.298000Z,2026-02-15T17:18:24.737000Z,2026-02-15T18:44:45.622000Z,2026-02-15T17:18:25.148786Z,645,CPSEFESE,6413,33,Male,White,United States,United States,United States,English,No,Full-Time,N/A,N/A,Pass,N/A,Pass,N/A
6991fd5a134b272398ad8723,66ba25f31c96638d878c9235,APPROVED,Not Applicable,2026-02-15T17:07:41.991000Z,2026-02-15T17:11:55.901000Z,2026-02-15T18:44:45.866000Z,2026-02-15T17:11:56.297446Z,254,CPSEFESE,3689,48,Male,White,United States,United States,United States,English,No,Full-Time,N/A,N/A,Pass,N/A,Pass,N/A
6991fd60445e36a55d615fc7,6779e07aeb6a0e66e84ae0e7,APPROVED,Not Applicable,2026-02-15T17:07:48.038000Z,2026-02-15T17:10:28.481000Z,2026-02-15T18:44:46.104000Z,2026-02-15T17:10:28.923045Z,161,CPSEFESE,3170,25,Male,Asian,United States,United States,United States,English,DATA_EXPIRED,DATA_EXPIRED,N/A,Pass,N/A,N/A,N/A,N/A
6991fd63281bc416560b8bae,5fe3e979878eaa13872eb64f,APPROVED,Not Applicable,2026-02-15T17:07:52.422000Z,2026-02-15T17:11:33.781000Z,2026-02-15T18:43:33.364000Z,2026-02-15T17:11:34.783916Z,222,CPSEFESE,557,33,Female,Mixed,United States,United States,United States,English,Yes,Unemployed (and job seeking),N/A,Pass,N/A,N/A,Pass,N/A
6991fd655bc6cbc2fceef4ce,6447e6a899705301d5a145dd,APPROVED,Not Applicable,2026-02-15T17:07:54.459000Z,2026-02-15T17:11:15.602000Z,2026-02-15T18:43:33.646000Z,2026-02-15T17:11:16.009683Z,202,CPSEFESE,2105,46,Female,White,United Kingdom,United Kingdom,United Kingdom,English,No,DATA_EXPIRED,N/A,Pass,N/A,N/A,Pass,N/A
6991fd66334e17b19779b81b,63f77f79278126e103659cf4,APPROVED,Not Applicable,2026-02-15T17:07:57.719000Z,2026-02-15T17:17:13.985000Z,2026-02-15T18:44:46.349000Z,2026-02-15T17:17:14.379718Z,557,CPSEFESE,3490,29,Male,White,United Kingdom,United Kingdom,United Kingdom,English,No,Full-Time,N/A,N/A,Pass,N/A,Pass,N/A
6991fd67a8af27141d42aa7f,55ad1d55fdf99b4c8f9941d4,APPROVED,Not Applicable,2026-02-15T17:07:59.370000Z,2026-02-15T17:11:21.531000Z,2026-02-15T18:43:33.928000Z,2026-02-15T17:11:21.924038Z,203,CPSEFESE,6142,41,Female,White,United States,United States,United States,English,DATA_EXPIRED,DATA_EXPIRED,N/A,Pass,N/A,N/A,Pass,N/A
6991fd69fe833063db1b0108,651abcc13ecbad9f2062ac4f,APPROVED,Not Applicable,2026-02-15T17:07:57.571000Z,2026-02-15T17:15:23.024000Z,2026-02-15T18:44:46.585000Z,2026-02-15T17:15:23.502260Z,446,CPSEFESE,2410,58,Male,White,United Kingdom,United Kingdom,United Kingdom,English,No,Full-Time,N/A,N/A,N/A,Pass,Pass,N/A
6991fd6e486e3bc5bf90cd4c,5e74f8c002c79b0464a51925,APPROVED,Not Applicable,2026-02-15T17:08:01.581000Z,2026-02-15T17:11:25.375000Z,2026-02-15T18:44:46.818000Z,2026-02-15T17:11:25.763403Z,204,CPSEFESE,1230,37,Male,White,United Kingdom,United Kingdom,United Kingdom,English,No,Full-Time,N/A,Pass,N/A,N/A,Pass,N/A
6991fd77445e36a55d615fcb,6777c88074566bdef374f9e5,APPROVED,Not Applicable,2026-02-15T17:08:11.224000Z,2026-02-15T17:11:10.661000Z,2026-02-15T18:43:34.247000Z,2026-02-15T17:11:11.078255Z,180,CPSEFESE,1281,35,Female,White,United Kingdom,United Kingdom,United Kingdom,English,No,Unemployed (and job seeking),N/A,N/A,N/A,Pass,Pass,N/A
6991fd7823072b1142086106,69722ac00c49f0720d607948,APPROVED,Not Applicable,2026-02-15T17:08:11.995000Z,2026-02-15T17:10:59.707000Z,2026-02-15T18:43:34.521000Z,2026-02-15T17:11:00.131904Z,168,CPSEFESE,253,31,Female,White,United Kingdom,United Kingdom,United Kingdom,English,No,Part-Time,N/A,N/A,Pass,N/A,Pass,N/A
6991fd78bd3a4a6a8f1abb07,5da6139c002c29001335b5a2,APPROVED,Not Applicable,2026-02-15T17:08:13.635000Z,2026-02-15T17:12:25.895000Z,2026-02-15T18:44:47.042000Z,2026-02-15T17:12:26.294552Z,253,CPSEFESE,9798,32,Male,White,United States,United States,Germany,English,Yes,Full-Time,N/A,N/A,Pass,N/A,Pass,N/A
6991fd7c3f6c2dc06901fc13,5b4991de56e0140001acb76b,APPROVED,Not Applicable,2026-02-15T17:08:17.568000Z,2026-02-15T17:13:20.063000Z,2026-02-15T18:44:47.267000Z,2026-02-15T17:13:20.511320Z,303,CPSEFESE,9226,29,Male,Asian,United States,United States,United States,English,No,Full-Time,N/A,N/A,N/A,Pass,Pass,N/A
6991fd8041a781480cd21832,5754420617f79f0007fbcd4a,APPROVED,Not Applicable,2026-02-15T17:08:19.558000Z,2026-02-15T17:11:22.511000Z,2026-02-15T18:44:47.496000Z,2026-02-15T17:11:22.990464Z,183,CPSEFESE,2338,31,Male,White,United Kingdom,United Kingdom,United Kingdom,English,No,Full-Time,N/A,N/A,N/A,Pass,Pass,N/A
6991fd80692b5d8ebea15172,698fb1e2fe8799c7babca599,APPROVED,Not Applicable,2026-02-15T17:08:22.112000Z,2026-02-15T17:10:59.910000Z,2026-02-15T18:43:34.817000Z,2026-02-15T17:11:00.369369Z,158,CPSEFESE,16,22,Female,White,United States,United States,United States,English,Yes,Full-Time,Pass,N/A,N/A,N/A,Pass,N/A
6991fd81c1dd68de738cf44f,62c9e5f7ad5a36ab331103bb,APPROVED,Not Applicable,2026-02-15T17:08:44.210000Z,2026-02-15T17:16:09.717000Z,2026-02-15T18:44:47.742000Z,2026-02-15T17:16:10.148022Z,446,CPSEFESE,2282,26,Male,Asian,United Kingdom,United Kingdom,United Kingdom,English,Yes,Full-Time,N/A,Pass,N/A,N/A,Pass,N/A
6991fd821bbedd34b1a16502,570d22b35e5156000efd8bd5,APPROVED,Not Applicable,2026-02-15T17:08:21.087000Z,2026-02-15T17:12:52.482000Z,2026-02-15T18:44:48.077000Z,2026-02-15T17:12:52.907746Z,272,CPSEFESE,7563,43,Male,White,United States,United States,United States,English,No,Full-Time,N/A,N/A,Pass,N/A,Pass,N/A
6991fd862775d78451c2290b,5eeeb45360a44437a971aebc,APPROVED,Not Applicable,2026-02-15T17:08:25.903000Z,2026-02-15T17:12:30.511000Z,2026-02-15T18:44:48.483000Z,2026-02-15T17:12:30.889807Z,245,CPSEFESE,5020,25,Male,Mixed,United States,United States,United States,English,DATA_EXPIRED,DATA_EXPIRED,Pass,N/A,N/A,N/A,Pass,N/A
6991fd89281bc416560b8bbe,69793552fb8b0de1941cb6dd,APPROVED,Not Applicable,2026-02-15T17:08:31.818000Z,2026-02-15T17:18:42.538000Z,2026-02-15T18:43:35.117000Z,2026-02-15T17:18:42.938096Z,611,CPSEFESE,97,33,Female,Black,Kenya,United Kingdom,DATA_EXPIRED,Swahili,No,Part-Time,N/A,N/A,Pass,N/A,Pass,N/A
6991fd8b29ac84da55d33a35,65e3434e8d58b05bcee42c3d,APPROVED,Not Applicable,2026-02-15T17:08:36.082000Z,2026-02-15T17:15:52.351000Z,2026-02-15T18:43:35.444000Z,2026-02-15T17:15:52.727582Z,437,CPSEFESE,2583,53,Female,White,United Kingdom,United Kingdom,United Kingdom,English,No,Part-Time,N/A,Pass,N/A,N/A,Pass,N/A
6991fd919fce8bac9fce47ea,612ca983e3b41811470cefae,APPROVED,Not Applicable,2026-02-15T17:08:41.766000Z,2026-02-15T17:12:09.895000Z,2026-02-15T18:43:35.743000Z,2026-02-15T17:12:10.365008Z,209,CPSEFESE,1008,23,Female,DATA_EXPIRED,United Kingdom,United Kingdom,United Kingdom,English,DATA_EXPIRED,DATA_EXPIRED,N/A,Pass,N/A,N/A,Pass,N/A
6991fd92096c27eb90683e7f,68483d40185598902b719f20,APPROVED,Not Applicable,2026-02-15T17:15:22.643000Z,2026-02-15T17:28:13.205000Z,2026-02-15T18:43:36.037000Z,2026-02-15T17:28:13.653531Z,771,CPSEFESE,2959,24,Female,White,United States,United States,United States,English,DATA_EXPIRED,DATA_EXPIRED,N/A,N/A,Pass,N/A,Pass,N/A
6991fd9afb2ddfa4ed2c3a6f,66632c96e56c2cc87923bf78,APPROVED,Not Applicable,2026-02-15T17:08:50.073000Z,2026-02-15T17:20:42.803000Z,2026-02-15T18:43:36.352000Z,2026-02-15T17:20:43.193766Z,713,CPSEFESE,4818,60,Female,Black,United States,United States,United States,English,No,Full-Time,N/A,N/A,N/A,Pass,Pass,N/A
6991fda2e80240a4a38cb42f,67d1f6824f74bd16996512c0,APPROVED,Not Applicable,2026-02-15T17:09:00.943000Z,2026-02-15T17:16:07.821000Z,2026-02-15T18:44:48.733000Z,2026-02-15T17:16:08.224690Z,427,CPSEFESE,2638,68,Male,White,Lithuania,United States,Russian Federation,English,No,"Not in paid work (e.g. homemaker', 'retired or disabled)",N/A,N/A,Pass,N/A,Pass,N/A
6991fda817272edc6dc92947,5f136b2be9d1e835fdb8595c,APPROVED,Not Applicable,2026-02-15T17:08:59.145000Z,2026-02-15T17:13:15.454000Z,2026-02-15T18:43:36.636000Z,2026-02-15T17:13:15.817063Z,257,CPSEFESE,1753,33,Female,White,United States,United States,United States,English,Yes,Full-Time,N/A,N/A,N/A,Pass,Pass,N/A
6991fdae01dfeaca22716a0d,5f11eb333c6e2c0df5b92270,APPROVED,Not Applicable,2026-02-15T17:09:06.732000Z,2026-02-15T17:12:51.373000Z,2026-02-15T18:43:36.916000Z,2026-02-15T17:12:51.879323Z,225,CPSEFESE,2876,25,Female,White,United Kingdom,United Kingdom,United Kingdom,English,No,Unemployed (and job seeking),N/A,N/A,N/A,Pass,Pass,N/A
6991fdb53390dcf666777ac1,616b2966d0aee4f9879a656b,APPROVED,Not Applicable,2026-02-15T17:09:15.403000Z,2026-02-15T17:14:55.189000Z,2026-02-15T18:43:37.180000Z,2026-02-15T17:14:55.590108Z,340,CPSEFESE,7773,43,Female,White,United States,United States,United States,English,No,Full-Time,N/A,Pass,N/A,N/A,Pass,N/A
6991fdbe53703ecce9ffd8ed,614f6ee182e424183c669cfe,APPROVED,Not Applicable,2026-02-15T17:09:23.839000Z,2026-02-15T17:16:23.653000Z,2026-02-15T18:44:48.996000Z,2026-02-15T17:16:24.080605Z,420,CPSEFESE,1149,72,Male,White,United States,United States,United States,English,DATA_EXPIRED,DATA_EXPIRED,N/A,N/A,N/A,Pass,Pass,N/A
6991fdcc8100b3b4a7427ca3,68114b50b766b8f5b3b6cc8e,APPROVED,Not Applicable,2026-02-15T17:09:39.838000Z,2026-02-15T17:17:15.003000Z,2026-02-15T18:44:49.238000Z,2026-02-15T17:17:15.519636Z,456,CPSEFESE,4169,55,Male,White,United States,United States,United States,English,No,Part-Time,N/A,N/A,N/A,Pass,Pass,Pass
6991fdd33cf606235513af66,62e7357284e65421d8f8b10f,APPROVED,Not Applicable,2026-02-15T17:09:44.008000Z,2026-02-15T17:13:10.197000Z,2026-02-15T18:44:49.489000Z,2026-02-15T17:13:10.572612Z,207,CPSEFESE,7131,68,Male,White,Netherlands,United States,Netherlands,Dutch,No,Full-Time,N/A,N/A,Pass,N/A,Pass,N/A
6991fddcd9f3c5af0702f7c5,63ed27349738654dde4655ae,APPROVED,Not Applicable,2026-02-15T17:09:52.701000Z,2026-02-15T17:12:59.350000Z,2026-02-15T18:44:49.745000Z,2026-02-15T17:12:59.742626Z,187,CPSEFESE,1368,33,Male,White,United Kingdom,United Kingdom,United Kingdom,English,No,Full-Time,N/A,N/A,N/A,Pass,Pass,N/A
6991fdeb36a6e6b94beaf3d3,63fa26eac1c86fa597131481,APPROVED,Not Applicable,2026-02-15T17:10:09.425000Z,2026-02-15T17:14:32.667000Z,2026-02-15T18:43:37.487000Z,2026-02-15T17:14:33.100841Z,264,CPSEFESE,1397,65,Female,White,United Kingdom,United Kingdom,United Kingdom,English,No,"Not in paid work (e.g. homemaker', 'retired or disabled)",N/A,N/A,Pass,N/A,N/A,N/A
6991fded66a553ef752320ee,698f905264fc6290205f4591,APPROVED,Not Applicable,2026-02-15T17:10:08.912000Z,2026-02-15T17:16:33.835000Z,2026-02-15T18:43:37.779000Z,2026-02-15T17:16:34.229089Z,385,CPSEFESE,11,24,Female,White,United States,United States,United States,English,Yes,Other,Pass,N/A,N/A,N/A,Pass,N/A
6991fdeef0901c5e86500f41,62a71f84d2f2f15e6cefae40,APPROVED,Not Applicable,2026-02-15T17:10:12.804000Z,2026-02-15T17:14:30.077000Z,2026-02-15T18:44:49.971000Z,2026-02-15T17:14:30.513729Z,258,CPSEFESE,2972,36,Male,Mixed,United Kingdom,United Kingdom,United Kingdom,English,No,Full-Time,N/A,N/A,Pass,N/A,Pass,N/A
6991fdef3dd047fd33d025cc,5bf4afe0b8e9f800014c9c0b,APPROVED,Not Applicable,2026-02-15T17:10:10.763000Z,2026-02-15T17:13:22.714000Z,2026-02-15T18:44:50.223000Z,2026-02-15T17:13:23.113315Z,192,CPSEFESE,12694,51,Male,White,United States,United States,United States,English,No,Full-Time,Pass,N/A,N/A,N/A,Pass,N/A
6991fdef41a781480cd21856,672268205351c30413c9837e,APPROVED,Not Applicable,2026-02-15T17:10:11.970000Z,2026-02-15T17:12:56.227000Z,2026-02-15T18:43:38.085000Z,2026-02-15T17:12:56.665933Z,165,CPSEFESE,6575,50,Female,Asian,Philippines,United States,United States,Tagalog-Filipino,No,"Not in paid work (e.g. homemaker', 'retired or disabled)",N/A,N/A,N/A,Pass,Pass,N/A
6991fdf0a2a3c301fc6fbc45,67d00ceb0de1512e5669d4c5,APPROVED,Not Applicable,2026-02-15T17:10:12.646000Z,2026-02-15T17:15:36.330000Z,2026-02-15T18:44:50.461000Z,2026-02-15T17:15:36.710811Z,324,CPSEFESE,3273,53,Male,White,United Kingdom,United Kingdom,United Kingdom,English,No,Full-Time,N/A,N/A,Pass,N/A,Pass,N/A
6991fdf18f8b0787f3a920e7,6688fdb39a34a967bc0b7d36,APPROVED,Not Applicable,2026-02-15T17:10:28.559000Z,2026-02-15T17:18:56.121000Z,2026-02-15T18:44:50.719000Z,2026-02-15T17:18:56.640428Z,508,CPSEFESE,727,27,Male,Black,United Kingdom,United Kingdom,United Kingdom,English,No,Full-Time,N/A,Pass,N/A,N/A,N/A,N/A
6991fdf1d3eec15285690ad1,6941ea06ff58dba22b3d7d27,APPROVED,Not Applicable,2026-02-15T17:10:30.983000Z,2026-02-15T17:24:29.744000Z,2026-02-15T18:44:50.988000Z,2026-02-15T17:24:30.152853Z,839,CPSEFESE,261,31,Male,Asian,Pakistan,United States,United States,Urdu,No,Full-Time,N/A,N/A,Pass,N/A,Pass,N/A
6991fdf209e1247bd22f2a17,67151a9102f79a93582370aa,APPROVED,Not Applicable,2026-02-15T17:10:13.452000Z,2026-02-15T17:14:06.559000Z,2026-02-15T18:44:51.233000Z,2026-02-15T17:14:06.991400Z,234,CPSEFESE,2053,36,Male,White,United States,United States,United States,English,No,Part-Time,N/A,Pass,N/A,N/A,Pass,N/A
6991fdf44c869c1cdc24ec4d,5c4f0e755d386b00016e772b,APPROVED,Not Applicable,2026-02-15T17:10:17.806000Z,2026-02-15T17:17:08.455000Z,2026-02-15T18:43:38.457000Z,2026-02-15T17:17:09.044099Z,411,CPSEFESE,979,33,Female,White,United States,United States,United States,English,No,Full-Time,N/A,N/A,Pass,N/A,Pass,N/A
6991fdf51fddd37ce1bce305,64756e696cb900640de281cf,APPROVED,Not Applicable,2026-02-15T17:10:18.530000Z,2026-02-15T17:14:01.668000Z,2026-02-15T18:43:38.753000Z,2026-02-15T17:14:02.155672Z,224,CPSEFESE,601,55,Female,White,United States,United States,United States,English,No,Full-Time,Pass,N/A,N/A,N/A,Pass,N/A
6991fdf5d82583c3a8574795,629186f7e2f20297ead170be,APPROVED,Not Applicable,2026-02-15T17:10:17.439000Z,2026-02-15T17:13:47.590000Z,2026-02-15T18:44:51.466000Z,2026-02-15T17:13:48.021387Z,211,CPSEFESE,4245,29,Male,White,United States,United States,United States,English,No,Full-Time,N/A,N/A,Pass,N/A,Pass,N/A
6991fdf65bc6cbc2fceef500,698ca3549a186c8496b3ab31,APPROVED,Not Applicable,2026-02-15T17:10:33.110000Z,2026-02-15T17:13:24.488000Z,2026-02-15T18:44:51.698000Z,2026-02-15T17:13:24.913976Z,172,CPSEFESE,30,20,Male,Mixed,United States,United States,United States,English,Yes,Unemployed (and job seeking),N/A,N/A,Pass,N/A,N/A,N/A
6991fdf6d0b55257875ae1b1,69861ea800124363d7a26a7d,APPROVED,Not Applicable,2026-02-15T17:10:18.669000Z,2026-02-15T17:14:25.375000Z,2026-02-15T18:44:51.934000Z,2026-02-15T17:14:25.760408Z,247,CPSEFESE,82,32,Male,White,United States,United States,United States,English,No,Full-Time,N/A,N/A,Pass,N/A,Pass,N/A
6991fdf774e527531a0b8b0f,677a8e5affbe5673b3a79e6b,APPROVED,Not Applicable,2026-02-15T17:10:20.526000Z,2026-02-15T17:18:07.750000Z,2026-02-15T18:44:52.173000Z,2026-02-15T17:18:08.183165Z,468,CPSEFESE,2775,61,Male,White,United Kingdom,United Kingdom,United Kingdom,English,No,"Not in paid work (e.g. homemaker', 'retired or disabled)",Pass,N/A,N/A,N/A,Pass,N/A
6991fdf8cab7039e1db9bd5f,5bcc60b95c2b810001dc68e2,APPROVED,Not Applicable,2026-02-15T17:10:21.581000Z,2026-02-15T17:12:19.309000Z,2026-02-15T18:44:52.426000Z,2026-02-15T17:12:19.695763Z,118,CPSEFESE,14944,30,Male,White,United States,United States,United States,English,No,Full-Time,N/A,N/A,N/A,N/A,N/A,N/A
6991fdf9f3a95bc68c890c53,664b8bef90cdb799d4c4c35d,APPROVED,Not Applicable,2026-02-15T17:10:23.014000Z,2026-02-15T17:21:51.817000Z,2026-02-15T18:44:52.659000Z,2026-02-15T17:21:52.263829Z,689,CPSEFESE,4340,31,Male,White,United States,United States,United States,English,No,Full-Time,N/A,Pass,N/A,N/A,Pass,N/A
6991fdfae0b35f50887b40dc,54847f1cfdf99b07b28f22f9,APPROVED,Not Applicable,2026-02-15T17:10:24.995000Z,2026-02-15T17:23:50.965000Z,2026-02-15T18:44:52.900000Z,2026-02-15T17:23:51.398342Z,806,CPSEFESE,12000,53,Male,Black,United States,United States,United States,English,DATA_EXPIRED,DATA_EXPIRED,N/A,Pass,N/A,N/A,Pass,N/A
6991fdfc1bbedd34b1a16525,60a7c4434b322876925afaa3,APPROVED,Not Applicable,2026-02-15T17:10:25.438000Z,2026-02-15T17:16:00.816000Z,2026-02-15T18:43:39.019000Z,2026-02-15T17:16:01.262424Z,336,CPSEFESE,10204,77,Female,White,United States,United States,United States,English,No,Part-Time,Pass,N/A,N/A,N/A,Pass,N/A
6991fdfdf2159a510f0d4bd3,5eb52896e034073a7b8aa981,APPROVED,Not Applicable,2026-02-15T17:10:26.350000Z,2026-02-15T17:14:17.263000Z,2026-02-15T18:44:53.134000Z,2026-02-15T17:14:17.640009Z,231,CPSEFESE,6743,47,Male,White,United States,United States,United States,English,No,Full-Time,Pass,N/A,N/A,N/A,Pass,N/A
6991fe043bf2cb9ee491369d,59ff8226ab721b0001ef6e61,APPROVED,Not Applicable,2026-02-15T17:10:31.681000Z,2026-02-15T17:14:53.459000Z,2026-02-15T18:44:53.386000Z,2026-02-15T17:14:53.873785Z,262,CPSEFESE,4368,47,Male,White,United Kingdom,United Kingdom,United Kingdom,English,No,Full-Time,N/A,N/A,N/A,Pass,Pass,N/A
6991fe06339236219fff3d8e,6606f138695c55157b90291c,APPROVED,Not Applicable,2026-02-15T17:10:35.558000Z,2026-02-15T17:14:04.831000Z,2026-02-15T18:44:53.624000Z,2026-02-15T17:14:05.299837Z,210,CPSEFESE,1439,51,Male,Black,United States,United States,United States,English,No,Full-Time,N/A,N/A,Pass,N/A,Pass,N/A
6991fe06f851a16926400791,677052c959de45fd60f8d1a9,APPROVED,Not Applicable,2026-02-15T17:15:38.678000Z,2026-02-15T17:19:54.058000Z,2026-02-15T18:43:39.324000Z,2026-02-15T17:19:54.440347Z,256,CPSEFESE,2192,59,Female,White,United Kingdom,United Kingdom,United Kingdom,English,Yes,Full-Time,N/A,N/A,N/A,Pass,Pass,N/A
6991fe094d6d20b8432f226c,6318c6b8dd3d07c0fb9f0d18,APPROVED,Not Applicable,2026-02-15T17:10:38.894000Z,2026-02-15T17:15:01.666000Z,2026-02-15T18:44:53.869000Z,2026-02-15T17:15:02.166847Z,263,CPSEFESE,3215,46,Male,White,United States,United States,United States,English,No,"Not in paid work (e.g. homemaker', 'retired or disabled)",Pass,N/A,N/A,N/A,N/A,N/A
6991fe0bf2159a510f0d4bd6,65f362ffea415d878f1f4f1d,APPROVED,Not Applicable,2026-02-15T17:10:41.021000Z,2026-02-15T17:14:45.379000Z,2026-02-15T18:43:39.633000Z,2026-02-15T17:14:45.873214Z,245,CPSEFESE,3472,58,Female,Mixed,United States,United States,United States,English,No,Full-Time,Pass,N/A,N/A,N/A,Pass,N/A
6991fe13c63c5a7599a0a2e8,698158ae43afcea4f821069c,APPROVED,Not Applicable,2026-02-15T17:10:46.713000Z,2026-02-15T17:15:04.887000Z,2026-02-15T18:43:39.934000Z,2026-02-15T17:15:05.287724Z,259,CPSEFESE,392,52,Female,White,United States,United States,United States,English,No,Unemployed (and job seeking),N/A,Pass,N/A,N/A,Pass,N/A
6991fe1c62558c93b25f3626,6724091d7f5c26d42aa4a8de,APPROVED,Not Applicable,2026-02-15T17:10:56.556000Z,2026-02-15T17:14:53.861000Z,2026-02-15T18:43:40.297000Z,2026-02-15T17:14:54.271121Z,238,CPSEFESE,657,21,Female,Black,United Kingdom,United Kingdom,United Kingdom,English,Yes,DATA_EXPIRED,Pass,N/A,N/A,N/A,Pass,N/A
6991fe1ee20b66337040137d,68a316e88a987ff111d39aaa,APPROVED,Not Applicable,2026-02-15T17:11:01.376000Z,2026-02-15T17:13:25.244000Z,2026-02-15T18:43:40.622000Z,2026-02-15T17:13:25.699172Z,144,CPSEFESE,59,41,Female,White,United Kingdom,United Kingdom,United Kingdom,English,No,Part-Time,Pass,N/A,N/A,N/A,Pass,N/A
6991fe253f274981698bdf5f,695fdc70ef6efe4daa13068f,APPROVED,Not Applicable,2026-02-15T17:11:13.041000Z,2026-02-15T17:15:38.454000Z,2026-02-15T18:43:40.899000Z,2026-02-15T17:15:38.874697Z,266,CPSEFESE,207,49,Female,White,United States,United States,United States,English,No,Full-Time,Pass,N/A,N/A,N/A,Pass,N/A
6991fe25424da6d38ea13fe4,5dde8fba82f458000c8c7c75,APPROVED,Not Applicable,2026-02-15T17:11:01.306000Z,2026-02-15T17:14:38.593000Z,2026-02-15T18:44:54.099000Z,2026-02-15T17:14:39.030196Z,218,CPSEFESE,10645,44,Male,White,United States,United States,United States,English,DATA_EXPIRED,Full-Time,N/A,Pass,N/A,N/A,Pass,N/A
6991fe35f2159a510f0d4bdc,55590340fdf99b06175ee236,APPROVED,Not Applicable,2026-02-15T17:11:22.147000Z,2026-02-15T17:14:25.160000Z,2026-02-15T18:43:41.178000Z,2026-02-15T17:14:25.619780Z,184,CPSEFESE,740,38,Female,White,United Kingdom,United Kingdom,United Kingdom,English,No,Full-Time,Pass,N/A,N/A,N/A,Pass,N/A
6991fe3b657f90867e8b4292,612e6569f68929afb886fb5c,APPROVED,Not Applicable,2026-02-15T17:11:27.939000Z,2026-02-15T17:14:43.250000Z,2026-02-15T18:43:41.494000Z,2026-02-15T17:14:43.736900Z,196,CPSEFESE,5234,26,Female,White,United States,United States,United States,English,No,Full-Time,N/A,N/A,Pass,N/A,Pass,N/A
6991fe3c6fe74e2a7df3b253,6770573e562e37a89d525a87,APPROVED,Not Applicable,2026-02-15T17:11:28.910000Z,2026-02-15T17:15:47.041000Z,2026-02-15T18:43:42.045000Z,2026-02-15T17:15:47.416653Z,259,CPSEFESE,2883,42,Female,White,United States,United States,United States,English,DATA_EXPIRED,DATA_EXPIRED,N/A,N/A,Pass,N/A,Pass,N/A
6991fe3e3d0b7b5b2b36a7c0,5cd9cdd636e33f00194cb6d6,APPROVED,Not Applicable,2026-02-15T17:11:33.486000Z,2026-02-15T17:25:48.523000Z,2026-02-15T18:44:54.317000Z,2026-02-15T17:25:48.924322Z,856,CPSEFESE,1746,31,Male,White,United Kingdom,United Kingdom,United Kingdom,English,No,Full-Time,N/A,N/A,Pass,N/A,Pass,N/A
6991fe54ddeb70fb8e9ca604,5d34862748bf98000146b64f,APPROVED,Not Applicable,2026-02-15T17:11:57Z,2026-02-15T17:16:18.833000Z,2026-02-15T18:44:54.532000Z,2026-02-15T17:16:19.248099Z,262,CPSEFESE,5543,32,Male,White,United Kingdom,United Kingdom,United Kingdom,English,Yes,Full-Time,N/A,N/A,N/A,Pass,Pass,N/A
6991fe58cf109e9c5405e2b9,66b8830e5812d8df82589ef3,APPROVED,Not Applicable,2026-02-15T17:11:52.574000Z,2026-02-15T17:15:44.919000Z,2026-02-15T18:44:54.796000Z,2026-02-15T17:15:45.415798Z,233,CPSEFESE,2160,33,Male,White,United Kingdom,United Kingdom,United Kingdom,English,No,Unemployed (and job seeking),Pass,N/A,N/A,N/A,Pass,N/A
6991fe591b5a5e8a7d4dd0bc,63468b4dc2726a47dac86511,APPROVED,Not Applicable,2026-02-15T17:11:59.235000Z,2026-02-15T17:17:14.867000Z,2026-02-15T18:44:55.043000Z,2026-02-15T17:17:15.269327Z,316,CPSEFESE,1716,38,Male,White,United Kingdom,United Kingdom,United Kingdom,English,No,Full-Time,N/A,N/A,N/A,Pass,Pass,N/A
6991fe5b07bf911d19d217bf,5c0c28915b32d500012eef60,APPROVED,Not Applicable,2026-02-15T17:11:59.953000Z,2026-02-15T17:14:34.433000Z,2026-02-15T18:43:42.663000Z,2026-02-15T17:14:34.886153Z,155,CPSEFESE,482,40,Female,White,United Kingdom,United Kingdom,United Kingdom,English,DATA_EXPIRED,DATA_EXPIRED,N/A,N/A,Pass,N/A,Pass,N/A
6991fe5b695b431510b75465,5ca102f57114700016da340d,APPROVED,Not Applicable,2026-02-15T17:12:05.835000Z,2026-02-15T17:19:58.516000Z,2026-02-15T18:44:55.376000Z,2026-02-15T17:19:58.962057Z,473,CPSEFESE,4170,75,Male,White,United Kingdom,United Kingdom,United Kingdom,English,No,"Not in paid work (e.g. homemaker', 'retired or disabled)",N/A,Pass,N/A,N/A,Pass,N/A
6991fe60d82583c3a85747b1,6978c567f25eda92929111ae,APPROVED,Not Applicable,2026-02-15T17:12:04.554000Z,2026-02-15T17:16:30.845000Z,2026-02-15T18:43:43.747000Z,2026-02-15T17:16:31.252694Z,267,CPSEFESE,147,34,Female,White,United Kingdom,United Kingdom,United Kingdom,English,No,Full-Time,Pass,N/A,N/A,N/A,Pass,N/A
6991fe60f0901c5e86500f61,665b5286e8e62bc79a733ebf,APPROVED,Not Applicable,2026-02-15T17:12:18.025000Z,2026-02-15T17:15:09.271000Z,2026-02-15T18:44:55.639000Z,2026-02-15T17:15:09.727520Z,172,CPSEFESE,1060,35,Male,Black,United Kingdom,United Kingdom,United Kingdom,English,No,Full-Time,N/A,N/A,N/A,Pass,Pass,N/A
6991fe618f4b90f42a69fda1,5f4ee7ff2c5da213f015a27e,APPROVED,Not Applicable,2026-02-15T17:12:05.512000Z,2026-02-15T17:14:50.719000Z,2026-02-15T18:43:44.108000Z,2026-02-15T17:14:51.110588Z,166,CPSEFESE,10417,39,Female,White,United States,United States,United States,English,No,Full-Time,N/A,N/A,Pass,N/A,Pass,N/A
6991fe6a3dd047fd33d025e6,5e9027110aacc7320bd9a84b,APPROVED,Not Applicable,2026-02-15T17:12:34.014000Z,2026-02-15T17:16:30.361000Z,2026-02-15T18:43:44.433000Z,2026-02-15T17:16:30.772110Z,237,CPSEFESE,4354,69,Female,White,United Kingdom,United Kingdom,United Kingdom,English,No,"Not in paid work (e.g. homemaker', 'retired or disabled)",N/A,N/A,N/A,Pass,Pass,N/A
6991fe6ca2a3c301fc6fbc6c,66d06fd15b37d17345069c4c,APPROVED,Not Applicable,2026-02-15T17:12:18.719000Z,2026-02-15T17:14:35.971000Z,2026-02-15T18:44:55.868000Z,2026-02-15T17:14:36.388751Z,138,CPSEFESE,2615,45,Male,White,United States,United States,United States,English,DATA_EXPIRED,Full-Time,Pass,N/A,N/A,N/A,Pass,N/A
6991fe6dc41bdf491ec02fb2,6989ec8aa58ec930e8eb19ce,APPROVED,Not Applicable,2026-02-15T17:12:29.311000Z,2026-02-15T17:22:29.400000Z,2026-02-15T18:43:44.692000Z,2026-02-15T17:22:29.816259Z,601,CPSEFESE,36,18,Female,Black,United States,United States,DATA_EXPIRED,English,Yes,Part-Time,Pass,N/A,N/A,N/A,N/A,N/A
6991fe6ea6725b4751e7cb9f,60fc1b9a79d5bbbb6712bf8e,APPROVED,Not Applicable,2026-02-15T17:12:19.771000Z,2026-02-15T17:14:56.865000Z,2026-02-15T18:43:44.984000Z,2026-02-15T17:14:57.344323Z,158,CPSEFESE,897,39,Female,White,United Kingdom,United Kingdom,United Kingdom,English,DATA_EXPIRED,Full-Time,N/A,N/A,N/A,Pass,Pass,N/A
6991fe7207bf911d19d217c3,5e31a3142c324c17ab9061d5,APPROVED,Not Applicable,2026-02-15T17:12:26.668000Z,2026-02-15T17:15:24.527000Z,2026-02-15T18:44:56.104000Z,2026-02-15T17:15:24.916422Z,178,CPSEFESE,949,26,Male,Black,United Kingdom,United Kingdom,United Kingdom,Somali,DATA_EXPIRED,Full-Time,N/A,N/A,Pass,N/A,Pass,N/A
6991fe73e6c3ed1f67ac7f4b,5acbd1ecf69e940001d9cd4d,APPROVED,Not Applicable,2026-02-15T17:12:22.840000Z,2026-02-15T17:18:35.603000Z,2026-02-15T18:44:56.324000Z,2026-02-15T17:18:36.052471Z,373,CPSEFESE,6273,43,Male,White,United States,United States,United States,English,No,Full-Time,N/A,Pass,N/A,N/A,Pass,N/A
6991fe74fa3c16df4032b3e4,65c2930167159a6c2d475b73,APPROVED,Not Applicable,2026-02-15T17:12:25.220000Z,2026-02-15T17:15:53.870000Z,2026-02-15T18:44:56.556000Z,2026-02-15T17:15:54.271705Z,209,CPSEFESE,4212,52,Male,White,United States,United States,United States,English,No,Full-Time,N/A,Pass,N/A,N/A,Pass,N/A
6991fe788c73df6440465688,67389edcd0ce05cea7aec26e,APPROVED,Not Applicable,2026-02-15T17:12:30.989000Z,2026-02-15T17:36:58.319000Z,2026-02-15T18:43:45.273000Z,2026-02-15T17:36:58.677616Z,1468,CPSEFESE,1935,30,Female,Black,Nigeria,United Kingdom,Nigeria,English,Yes,Part-Time,N/A,Pass,N/A,N/A,Pass,N/A
6991fe78e20b663370401394,5cc310bef457fc0013d42743,APPROVED,Not Applicable,2026-02-15T17:12:27.938000Z,2026-02-15T17:16:32.171000Z,2026-02-15T18:42:31.967000Z,2026-02-15T17:16:32.541772Z,245,CPSEFESE,3163,37,Male,White,United Kingdom,United Kingdom,United Kingdom,English,Yes,Part-Time,N/A,N/A,Pass,N/A,Pass,N/A
6991fe80ff2e006e6113c4c0,60250e892b5c5727eeeef076,APPROVED,Not Applicable,2026-02-15T17:12:37.154000Z,2026-02-15T17:17:06.836000Z,2026-02-15T18:42:32.245000Z,2026-02-15T17:17:07.211758Z,270,CPSEFESE,3808,67,Male,White,United Kingdom,United Kingdom,United Kingdom,English,No,"Not in paid work (e.g. homemaker', 'retired or disabled)",N/A,N/A,Pass,N/A,Pass,N/A
6991fe822d7c146a46f8ed5c,656a1cf88a3cf09f538c6f25,APPROVED,Not Applicable,2026-02-15T17:12:42.070000Z,2026-02-15T17:18:57.248000Z,2026-02-15T18:42:32.513000Z,2026-02-15T17:18:57.665504Z,376,CPSEFESE,6591,57,Male,White,United States,United States,United States,English,No,Full-Time,N/A,N/A,N/A,Pass,Pass,N/A
6991fe89f851a169264007ab,65e7795d1685521fd01bd49a,APPROVED,Not Applicable,2026-02-15T17:12:56.550000Z,2026-02-15T17:19:54.480000Z,2026-02-15T18:43:45.594000Z,2026-02-15T17:19:55.008163Z,418,CPSEFESE,3336,63,Female,White,United States,United States,United States,English,DATA_EXPIRED,DATA_EXPIRED,N/A,N/A,Pass,N/A,Pass,N/A
6991fe9efa2a6b4857abe68b,6572839f81e5b7f488285164,APPROVED,Not Applicable,2026-02-15T17:13:07.309000Z,2026-02-15T17:22:55.997000Z,2026-02-15T18:42:32.734000Z,2026-02-15T17:22:56.443592Z,589,CPSEFESE,2336,50,Male,White,United States,United States,United States,English,No,Full-Time,N/A,N/A,N/A,N/A,Pass,N/A
6991fe9f10180a9264e25901,5fb9b9c1c62f408e51e09e32,APPROVED,Not Applicable,2026-02-15T17:13:07.657000Z,2026-02-15T17:19:03.675000Z,2026-02-15T18:43:45.869000Z,2026-02-15T17:19:04.139474Z,357,CPSEFESE,9992,72,Female,White,United States,United States,United States,English,No,Part-Time,N/A,N/A,Pass,N/A,N/A,N/A
6991feb3fa6ede927ac8d43a,697cdd4e32e3ba796d6bf8e2,APPROVED,Not Applicable,2026-02-15T17:13:26.512000Z,2026-02-15T17:15:18.905000Z,2026-02-15T18:42:32.980000Z,2026-02-15T17:15:19.334889Z,113,CPSEFESE,224,25,Male,White,United States,United States,United States,English,Yes,Part-Time,N/A,N/A,Pass,N/A,Pass,N/A
6991feb707bf911d19d217d2,615e420a23219efe3427a367,APPROVED,Not Applicable,2026-02-15T17:13:32.029000Z,2026-02-15T17:19:19.410000Z,2026-02-15T18:43:46.201000Z,2026-02-15T17:19:19.892617Z,348,CPSEFESE,9019,70,Female,White,United States,United States,United States,English,No,Full-Time,N/A,Pass,N/A,N/A,Pass,N/A
6991fed1695b431510b75485,677580b9fa6b77a8332d2237,APPROVED,Not Applicable,2026-02-15T17:13:57.731000Z,2026-02-15T17:18:47.148000Z,2026-02-15T18:43:46.471000Z,2026-02-15T17:18:47.542298Z,290,CPSEFESE,1253,41,Female,White,France,United Kingdom,France,French,No,Full-Time,Pass,N/A,N/A,N/A,Pass,N/A
6991fed7305b7410ef9ba7af,69613c4d34f4c8bb84324f91,APPROVED,Not Applicable,2026-02-15T17:14:02.182000Z,2026-02-15T17:16:46.534000Z,2026-02-15T18:42:33.237000Z,2026-02-15T17:16:47.405074Z,165,CPSEFESE,97,22,Male,Mixed,United States,United States,United States,English,Yes,Unemployed (and job seeking),N/A,N/A,Pass,N/A,N/A,N/A
6991fede52ad180a9690d055,6978fbffc6d80345d4d3f02b,APPROVED,Not Applicable,2026-02-15T17:14:09.789000Z,2026-02-15T17:15:54.533000Z,2026-02-15T18:43:46.841000Z,2026-02-15T17:15:54.970222Z,105,CPSEFESE,81,21,Female,White,United Kingdom,United Kingdom,United Kingdom,English,Yes,Part-Time,N/A,N/A,N/A,N/A,N/A,N/A
6991fee3674320f5239ff937,5b9110223366db0001157e7d,APPROVED,Not Applicable,2026-02-15T17:14:19.283000Z,2026-02-15T17:17:47.461000Z,2026-02-15T18:42:33.502000Z,2026-02-15T17:17:47.878725Z,209,CPSEFESE,1473,43,Male,White,United Kingdom,United Kingdom,United Kingdom,English,No,Full-Time,N/A,N/A,N/A,Pass,Pass,N/A
6991fee5bd3a4a6a8f1abb65,63d7cff348efbb25b7a81962,APPROVED,Not Applicable,2026-02-15T17:14:18.685000Z,2026-02-15T17:21:57.570000Z,2026-02-15T18:42:33.753000Z,2026-02-15T17:21:58.140526Z,459,CPSEFESE,1044,45,Male,Asian,Korea,United States,United States,Korean,No,Full-Time,N/A,N/A,Pass,N/A,Pass,N/A
6991fee6e0371a17197dece5,698b902e1b07434906796778,APPROVED,Not Applicable,2026-02-15T17:14:17.152000Z,2026-02-15T17:17:46.273000Z,2026-02-15T18:43:47.192000Z,2026-02-15T17:17:46.693136Z,210,CPSEFESE,48,32,Female,Asian,China,United Kingdom,China,Chinese,No,Unemployed (and job seeking),N/A,N/A,Pass,N/A,N/A,N/A
6991fee84f4bf9c15d4252e1,5e3c759575109a055e99b38a,APPROVED,Not Applicable,2026-02-15T17:14:20.173000Z,2026-02-15T17:17:51.639000Z,2026-02-15T18:42:34.011000Z,2026-02-15T17:17:52.017467Z,212,CPSEFESE,3112,44,Male,White,United Kingdom,United Kingdom,United Kingdom,English,No,DATA_EXPIRED,N/A,Pass,N/A,N/A,Pass,N/A
6991feeb8aa3709824743de8,67253674cbd9660a78160144,APPROVED,Not Applicable,2026-02-15T17:14:23.536000Z,2026-02-15T17:22:47.379000Z,2026-02-15T18:42:34.260000Z,2026-02-15T17:22:47.777764Z,504,CPSEFESE,734,48,Male,White,Algeria,United States,United States,English,Yes,Part-Time,Pass,N/A,N/A,N/A,Pass,N/A
6991feef7cc1bf1b557e1167,62c55056993f53f1e8cf8e30,APPROVED,Not Applicable,2026-02-15T17:14:27.935000Z,2026-02-15T17:17:09.612000Z,2026-02-15T18:42:34.524000Z,2026-02-15T17:17:10.512818Z,162,CPSEFESE,5916,72,Male,Asian,United States,United States,United States,Chinese,No,"Not in paid work (e.g. homemaker', 'retired or disabled)",Pass,N/A,N/A,N/A,Pass,N/A
6991fef6695b431510b7548b,5fed6c9c0d786daf31f29f3d,APPROVED,Not Applicable,2026-02-15T17:14:34.519000Z,2026-02-15T17:19:04.878000Z,2026-02-15T18:43:47.471000Z,2026-02-15T17:19:05.340506Z,271,CPSEFESE,8091,38,Female,Asian,Vietnam,United States,United States,Vietnamese,No,"Not in paid work (e.g. homemaker', 'retired or disabled)",N/A,Pass,N/A,N/A,Pass,N/A
6991fef973beb4943bd38113,67acfd6eadd8bbe1ad499de8,APPROVED,Not Applicable,2026-02-15T17:14:40.933000Z,2026-02-15T17:20:35.294000Z,2026-02-15T18:43:47.730000Z,2026-02-15T17:20:35.674099Z,355,CPSEFESE,2775,30,Female,White,United States,United States,United States,English,No,Full-Time,N/A,N/A,N/A,N/A,N/A,N/A
6991ff02e6fe9ced7fa171d3,6962c3a8003c6236a1c6c283,APPROVED,Not Applicable,2026-02-15T17:14:53.540000Z,2026-02-15T17:23:25.493000Z,2026-02-15T18:43:47.994000Z,2026-02-15T17:23:25.880631Z,512,CPSEFESE,449,73,Female,White,United States,United States,United States,English,No,"Not in paid work (e.g. homemaker', 'retired or disabled)",Pass,N/A,N/A,N/A,Pass,N/A
6991ff106fe74e2a7df3b278,647772cbbcf3dd8797b10f9c,APPROVED,Not Applicable,2026-02-15T17:15:00.762000Z,2026-02-15T17:20:02.389000Z,2026-02-15T18:43:48.370000Z,2026-02-15T17:20:02.862731Z,302,CPSEFESE,807,53,Female,White,United States,United States,United States,English,No,Unemployed (and job seeking),Pass,N/A,N/A,N/A,Pass,N/A
6991ff21486e3bc5bf90cdc2,697938c09291ba65dedf7b64,APPROVED,Not Applicable,2026-02-15T17:15:20.644000Z,2026-02-15T17:21:39.528000Z,2026-02-15T18:42:34.777000Z,2026-02-15T17:21:39.908829Z,379,CPSEFESE,53,28,Male,Black,Kenya,United Kingdom,DATA_EXPIRED,English,Yes,Part-Time,N/A,N/A,N/A,Pass,Pass,N/A
6991ff22fd201bba6f005214,65f650bc80653ddbcb45e6a5,APPROVED,Not Applicable,2026-02-15T17:15:31.132000Z,2026-02-15T17:21:06.942000Z,2026-02-15T18:42:35.021000Z,2026-02-15T17:21:07.695969Z,336,CPSEFESE,2828,45,Male,White,United States,United States,United States,English,No,Full-Time,N/A,N/A,Pass,N/A,Pass,N/A
6991ff274f7276ecf2d51483,672fd24711f758e7a04ac043,APPROVED,Not Applicable,2026-02-15T17:15:23.489000Z,2026-02-15T17:20:40.924000Z,2026-02-15T18:42:35.328000Z,2026-02-15T17:20:41.352362Z,318,CPSEFESE,4810,41,Male,Asian,United States,United States,United States,English,No,Full-Time,N/A,Pass,N/A,N/A,Pass,N/A
6991ff411bbedd34b1a16561,67d09ba717ec412519ebf44b,APPROVED,Not Applicable,2026-02-15T17:15:51.061000Z,2026-02-15T17:19:12.932000Z,2026-02-15T18:43:48.696000Z,2026-02-15T17:19:13.343917Z,202,CPSEFESE,2971,56,Female,White,United States,United States,United States,English,No,Full-Time,N/A,Pass,N/A,N/A,Pass,N/A
6991ff427cd985bc380ea26f,5ba641d1168e5e0001e4275d,APPROVED,Not Applicable,2026-02-15T17:15:51.767000Z,2026-02-15T17:18:10.094000Z,2026-02-15T18:43:48.954000Z,2026-02-15T17:18:10.518248Z,139,CPSEFESE,2009,24,Female,White,United Kingdom,United Kingdom,United Kingdom,English,No,Full-Time,Pass,N/A,N/A,N/A,Pass,N/A
6991ff4863a3fbe8606ec40b,60f8738e7c28864dc3e5c4cb,APPROVED,Not Applicable,2026-02-15T17:15:56.058000Z,2026-02-15T17:17:31.507000Z,2026-02-15T18:43:49.221000Z,2026-02-15T17:17:31.899112Z,96,CPSEFESE,567,27,Female,White,United Kingdom,United Kingdom,United Kingdom,English,No,Full-Time,N/A,N/A,N/A,N/A,N/A,N/A
6991ff4c57c89b11ff386078,5c7560f14f23e50016135028,APPROVED,Not Applicable,2026-02-15T17:15:59.769000Z,2026-02-15T17:19:28.630000Z,2026-02-15T18:43:49.536000Z,2026-02-15T17:19:29.039580Z,209,CPSEFESE,11022,73,Female,White,United States,United States,United States,English,No,"Not in paid work (e.g. homemaker', 'retired or disabled)",N/A,N/A,Pass,N/A,Pass,N/A
6991ff5a692b5d8ebea151f2,6606236e44a7586a8cad86b5,APPROVED,Not Applicable,2026-02-15T17:16:14.530000Z,2026-02-15T17:18:54.632000Z,2026-02-15T18:43:49.806000Z,2026-02-15T17:18:55.074094Z,161,CPSEFESE,2584,43,Female,White,United States,United States,United States,English,No,Part-Time,N/A,Pass,N/A,N/A,Pass,N/A
6991ff659eda248cb13ed457,63316daa57747115376760da,APPROVED,Not Applicable,2026-02-15T17:16:25.766000Z,2026-02-15T17:20:46.624000Z,2026-02-15T18:42:35.607000Z,2026-02-15T17:20:47.035255Z,261,CPSEFESE,3536,55,Male,White,United States,United States,United States,English,DATA_EXPIRED,DATA_EXPIRED,N/A,N/A,Pass,N/A,Pass,N/A
6991ff670413c1062e5c3c0d,66ba0b7a6409fb3e347e90b8,APPROVED,Not Applicable,2026-02-15T17:16:30.283000Z,2026-02-15T17:22:15.739000Z,2026-02-15T18:42:35.891000Z,2026-02-15T17:22:16.306767Z,346,CPSEFESE,1616,37,Male,White,Portugal,United Kingdom,Portugal,Portuguese,No,Full-Time,N/A,N/A,Pass,N/A,Pass,N/A
6991ffa9bfb21259ddb92648,66fa0c80835daf2b640a6711,APPROVED,Not Applicable,2026-02-15T17:17:33.893000Z,2026-02-15T17:21:39.142000Z,2026-02-15T18:43:50.119000Z,2026-02-15T17:21:39.655692Z,246,CPSEFESE,2722,64,Female,White,United States,United States,United States,English,No,Part-Time,Pass,N/A,N/A,N/A,Pass,N/A
6991ffa9d9f3c5af0702f850,5cf6e4aae289a80019b6e032,APPROVED,Not Applicable,2026-02-15T17:17:32.733000Z,2026-02-15T17:23:14.993000Z,2026-02-15T18:43:50.399000Z,2026-02-15T17:23:15.422278Z,343,CPSEFESE,3389,52,Female,White,United Kingdom,United Kingdom,United Kingdom,English,No,DATA_EXPIRED,N/A,N/A,Pass,N/A,Pass,N/A
6991ffacc63c5a7599a0a315,62f0e8a5b947eadeaabfd693,APPROVED,Not Applicable,2026-02-15T17:17:36.491000Z,2026-02-15T17:21:03.309000Z,2026-02-15T18:43:50.682000Z,2026-02-15T17:21:03.707399Z,207,CPSEFESE,169,34,Female,White,Germany,United Kingdom,Germany,German,DATA_EXPIRED,DATA_EXPIRED,N/A,N/A,Pass,N/A,Pass,N/A
6991ffd1fa6ede927ac8d475,6712dc9aa03ad1da92e70829,APPROVED,Not Applicable,2026-02-15T17:18:15.610000Z,2026-02-15T17:23:56.765000Z,2026-02-15T18:42:36.172000Z,2026-02-15T17:23:57.146991Z,342,CPSEFESE,1433,39,Male,Asian,India,United Kingdom,India,English,Yes,Part-Time,N/A,Pass,N/A,N/A,Pass,N/A
6991ffd62c7aa3b683c72276,5cffe60f6846ae00019d35ef,APPROVED,Not Applicable,2026-02-15T17:18:18.877000Z,2026-02-15T17:19:57.503000Z,2026-02-15T18:42:36.428000Z,2026-02-15T17:19:57.876036Z,99,CPSEFESE,5226,38,Male,Asian,United States,United States,United States,Burmese,No,Full-Time,N/A,N/A,N/A,N/A,N/A,N/A
6991ffd80a086ea1c3e7f32e,5c4afb7234ee9300011cbbfc,APPROVED,Not Applicable,2026-02-15T17:19:11.510000Z,2026-02-15T17:28:54.206000Z,2026-02-15T18:42:36.889000Z,2026-02-15T17:28:54.596361Z,583,CPSEFESE,3387,74,Male,White,United Kingdom,United Kingdom,United Kingdom,English,No,"Not in paid work (e.g. homemaker', 'retired or disabled)",N/A,Pass,N/A,N/A,Pass,N/A
6991ffd879f601fe3f35cfbe,5ccef4423f15b900199e1ec3,APPROVED,Not Applicable,2026-02-15T17:18:24.084000Z,2026-02-15T17:24:01.389000Z,2026-02-15T18:43:51.007000Z,2026-02-15T17:24:01.805147Z,338,CPSEFESE,3522,52,Female,White,United Kingdom,United Kingdom,United Kingdom,English,No,Part-Time,N/A,Pass,N/A,N/A,Pass,N/A
6991ffdb82a70700335729bc,697bca4496f7062ed2ad9205,APPROVED,Not Applicable,2026-02-15T17:18:24.477000Z,2026-02-15T17:23:56.577000Z,2026-02-15T18:42:37.136000Z,2026-02-15T17:23:57.033456Z,333,CPSEFESE,222,34,Male,White,United States,United States,United States,English,No,"Not in paid work (e.g. homemaker', 'retired or disabled)",N/A,Pass,N/A,N/A,Pass,N/A
6991ffe45b308e779ca9c855,679023f5b7572e2b6cb86bf7,APPROVED,Not Applicable,2026-02-15T17:18:31.145000Z,2026-02-15T17:21:29.876000Z,2026-02-15T18:42:37.875000Z,2026-02-15T17:21:30.245169Z,179,CPSEFESE,3974,33,Male,Mixed,United States,United States,United States,English,No,Part-Time,Pass,N/A,N/A,N/A,Pass,N/A
69920022a030c6c3d0141d66,681b781064a5701a5ceee3bc,APPROVED,Not Applicable,2026-02-15T17:19:30.472000Z,2026-02-15T17:24:16.839000Z,2026-02-15T18:43:51.290000Z,2026-02-15T17:24:17.252206Z,287,CPSEFESE,4340,54,Female,White,United Kingdom,United Kingdom,United Kingdom,English,No,DATA_EXPIRED,N/A,N/A,Pass,N/A,Pass,N/A
699200263bf2cb9ee4913afc,5ea4ae3d9b5ea646f32bf6ce,APPROVED,Not Applicable,2026-02-15T17:19:40.465000Z,2026-02-15T17:25:02.988000Z,2026-02-15T18:43:51.579000Z,2026-02-15T17:25:03.703903Z,323,CPSEFESE,2524,66,Female,Other,South Africa,United Kingdom,United Kingdom,English,DATA_EXPIRED,Other,N/A,N/A,Pass,N/A,Pass,N/A
6992002d9fd431de3a685187,66cc069b16f2ca209469aca2,APPROVED,Not Applicable,2026-02-15T17:19:49.697000Z,2026-02-15T17:23:39.193000Z,2026-02-15T18:43:51.860000Z,2026-02-15T17:23:39.646885Z,230,CPSEFESE,2355,35,Female,White,United States,United States,United States,English,No,DATA_EXPIRED,N/A,N/A,Pass,N/A,Pass,N/A
699200485be4fec2b0f2cc26,61543525e7c3e0da60fa7ff3,APPROVED,Not Applicable,2026-02-15T17:20:12.437000Z,2026-02-15T17:23:25.296000Z,2026-02-15T18:42:38.115000Z,2026-02-15T17:23:25.652750Z,193,CPSEFESE,512,32,Male,White,United Kingdom,United Kingdom,United Kingdom,English,No,Full-Time,Pass,N/A,N/A,N/A,Pass,N/A
699200942ac39b58128a1be4,677c314658f46f3c0f19ba34,APPROVED,Not Applicable,2026-02-15T17:21:28.779000Z,2026-02-15T17:26:33.139000Z,2026-02-15T18:43:52.192000Z,2026-02-15T17:26:33.535732Z,305,CPSEFESE,1864,46,Female,White,United States,United States,United States,English,No,Full-Time,N/A,N/A,N/A,Pass,Pass,N/A
69920097f2159a510f0d4c47,5dd733664524e76dc4537fe2,APPROVED,Not Applicable,2026-02-15T17:21:32.556000Z,2026-02-15T17:24:55.454000Z,2026-02-15T18:43:52.500000Z,2026-02-15T17:24:55.834328Z,203,CPSEFESE,4225,39,Female,White,United States,United States,United States,English,DATA_EXPIRED,Full-Time,N/A,N/A,N/A,Pass,Pass,N/A
699200c74f7276ecf2d514cf,65a29cdffc75f965e7fbcdc7,APPROVED,Not Applicable,2026-02-15T17:22:20.049000Z,2026-02-15T17:25:28.153000Z,2026-02-15T18:42:38.359000Z,2026-02-15T17:25:28.540906Z,189,CPSEFESE,2643,51,Male,White,United States,United States,United States,English,Yes,"Not in paid work (e.g. homemaker', 'retired or disabled)",N/A,N/A,N/A,Pass,Pass,N/A
699200db83f0ec20820eaaf9,59e7477e3e4b5a00016aa4d2,APPROVED,Not Applicable,2026-02-15T17:22:40.180000Z,2026-02-15T17:26:29.312000Z,2026-02-15T18:42:38.611000Z,2026-02-15T17:26:29.745237Z,230,CPSEFESE,14241,61,Male,White,United States,United States,United States,English,No,Full-Time,N/A,N/A,Pass,N/A,Pass,N/A
699201107c662fecb2f462d8,697a8f0105cbab23fe7697f6,APPROVED,Not Applicable,2026-02-15T17:23:33.844000Z,2026-02-15T17:27:58.633000Z,2026-02-15T18:43:52.899000Z,2026-02-15T17:27:59.024745Z,265,CPSEFESE,46,34,Female,White,United Kingdom,United Kingdom,United Kingdom,English,No,Full-Time,N/A,Pass,N/A,N/A,Pass,N/A
6992013e71ee63a41448585a,5dcf6d762e4a050ac2cba07d,APPROVED,Not Applicable,2026-02-15T17:24:19.708000Z,2026-02-15T17:27:59.167000Z,2026-02-15T18:42:38.853000Z,2026-02-15T17:28:00.419768Z,220,CPSEFESE,8204,56,Male,White,United States,United States,United States,English,No,Full-Time,N/A,N/A,Pass,N/A,Pass,N/A
699201873fa854af4a5f3619,6657368915008a8a9edc91a9,APPROVED,Not Applicable,2026-02-15T17:28:06.321000Z,2026-02-15T17:40:58.092000Z,2026-02-15T18:43:53.323000Z,2026-02-15T17:40:58.467170Z,772,CPSEFESE,1399,75,Female,White,United States,United States,United States,English,No,"Not in paid work (e.g. homemaker', 'retired or disabled)",N/A,Pass,N/A,N/A,Pass,N/A
6992018750839a905e881faf,605220735560745cf0a16a80,APPROVED,Not Applicable,2026-02-15T17:25:31.176000Z,2026-02-15T17:26:07.627000Z,2026-02-15T18:43:53.651000Z,2026-02-15T17:26:08.052446Z,37,CPSEFESE,10190,46,Female,Mixed,United States,United States,United States,English,Yes,Full-Time,N/A,N/A,N/A,N/A,N/A,N/A
6992018803dfbf214ba39c39,615a130cbdd3d427dda57f5a,APPROVED,Not Applicable,2026-02-15T17:25:32.042000Z,2026-02-15T17:31:55.041000Z,2026-02-15T18:43:53.904000Z,2026-02-15T17:31:55.483931Z,383,CPSEFESE,1819,27,Female,White,United Kingdom,United Kingdom,United Kingdom,English,No,Full-Time,N/A,N/A,Pass,N/A,Pass,N/A
699201f73555f5ac82ce4c5b,6693cd4efb0ada0cb10c894b,APPROVED,Not Applicable,2026-02-15T17:27:19.031000Z,2026-02-15T17:30:55.802000Z,2026-02-15T18:42:39.138000Z,2026-02-15T17:30:56.194517Z,217,CPSEFESE,1381,22,Male,DATA_EXPIRED,United Kingdom,United Kingdom,United Kingdom,English,DATA_EXPIRED,DATA_EXPIRED,N/A,N/A,Pass,N/A,Pass,N/A
699202029c223df89bffd900,5be8dab5d153f500019ab320,APPROVED,Not Applicable,2026-02-15T17:27:39.418000Z,2026-02-15T17:38:18.557000Z,2026-02-15T18:42:39.377000Z,2026-02-15T17:38:18.949078Z,640,CPSEFESE,13133,51,Male,White,United States,United States,United States,English,DATA_EXPIRED,DATA_EXPIRED,N/A,Pass,N/A,N/A,Pass,N/A
6992023171ee63a414485870,6317ff092d6b47344b7d1ec5,APPROVED,Not Applicable,2026-02-15T17:28:37.396000Z,2026-02-15T17:33:12.328000Z,2026-02-15T18:42:40.192000Z,2026-02-15T17:33:12.798358Z,275,CPSEFESE,10936,38,Male,Mixed,Singapore,United States,United States,English,No,Full-Time,Pass,N/A,N/A,N/A,Pass,Pass
69920236e2c41f3e40f5eead,665b7b047373d8da553237a6,APPROVED,Not Applicable,2026-02-15T17:28:26.997000Z,2026-02-15T17:32:47.254000Z,2026-02-15T18:42:40.458000Z,2026-02-15T17:32:47.632749Z,261,CPSEFESE,8124,26,Male,Asian,United States,United States,United States,English,No,Unemployed (and job seeking),Pass,N/A,N/A,N/A,Pass,N/A
6992023a55ec60a2dc41f65c,59e7232f24d7bf00012f112e,APPROVED,Not Applicable,2026-02-15T17:28:30.272000Z,2026-02-15T17:33:49.002000Z,2026-02-15T18:42:40.701000Z,2026-02-15T17:33:50.178666Z,319,CPSEFESE,6716,37,Male,White,United Kingdom,United Kingdom,United Kingdom,English,No,Full-Time,N/A,N/A,Pass,N/A,Pass,N/A
69920248f6183422f91f0801,642edde09e616b33709868d0,APPROVED,Not Applicable,2026-02-15T17:28:40.835000Z,2026-02-15T17:33:47.173000Z,2026-02-15T18:42:40.998000Z,2026-02-15T17:33:47.561563Z,307,CPSEFESE,2134,53,Male,White,United Kingdom,United Kingdom,United Kingdom,English,No,Full-Time,N/A,N/A,N/A,Pass,Pass,N/A
69920269dad54e97da9ef26d,665c050b07508f6c4f8d01e0,APPROVED,Not Applicable,2026-02-15T17:29:20.432000Z,2026-02-15T17:32:07.282000Z,2026-02-15T18:43:54.185000Z,2026-02-15T17:32:07.693677Z,167,CPSEFESE,2176,33,Female,White,United Kingdom,United Kingdom,United Kingdom,English,No,Full-Time,N/A,N/A,Pass,N/A,Pass,N/A
69920277a31bc01aac427c31,5d16ab9b59da87001ac41a61,APPROVED,Not Applicable,2026-02-15T17:29:32.480000Z,2026-02-15T17:32:42.832000Z,2026-02-15T18:43:54.452000Z,2026-02-15T17:32:43.321626Z,191,CPSEFESE,4739,60,Female,Mixed,United States,United States,United States,English,No,Full-Time,Pass,N/A,N/A,N/A,Pass,N/A
69920289b2c08ab3ec79b885,682cd328bd53185cbbb59840,APPROVED,Not Applicable,2026-02-15T17:29:52.452000Z,2026-02-15T17:42:07.662000Z,2026-02-15T18:43:54.721000Z,2026-02-15T17:42:08.129947Z,736,CPSEFESE,5543,25,Female,White,United States,United States,United States,English,DATA_EXPIRED,DATA_EXPIRED,N/A,Pass,N/A,N/A,Pass,N/A
699202f03f88003a6ac67dad,5d2fc33c3af1410018f872ae,APPROVED,Not Applicable,2026-02-15T17:31:36.584000Z,2026-02-15T17:36:38.248000Z,2026-02-15T18:43:55.054000Z,2026-02-15T17:36:38.767601Z,302,CPSEFESE,1249,25,Female,White,United Kingdom,United Kingdom,United Kingdom,English,No,Full-Time,Pass,N/A,N/A,N/A,Pass,N/A
69920308aa12d8dd582bbf64,651090beae417ded35c4ef2f,APPROVED,Not Applicable,2026-02-15T17:31:52.553000Z,2026-02-15T17:45:19.691000Z,2026-02-15T18:43:55.502000Z,2026-02-15T17:45:20.192056Z,808,CPSEFESE,7312,74,Female,White,United States,United States,United States,English,No,"Not in paid work (e.g. homemaker', 'retired or disabled)",N/A,N/A,N/A,Pass,Pass,N/A
69920318f4a04dcc4ca9c845,60b5d56cc4d0a037b4533af6,APPROVED,Not Applicable,2026-02-15T17:32:14.249000Z,2026-02-15T17:38:00.331000Z,2026-02-15T18:42:41.272000Z,2026-02-15T17:38:00.758694Z,347,CPSEFESE,131,40,Male,Black,United States,United States,United States,English,Yes,Full-Time,Pass,N/A,N/A,N/A,Pass,N/A
6992032d402db3b597ee9ad0,597519f8262c480001bbaf8b,APPROVED,Not Applicable,2026-02-15T17:32:36.128000Z,2026-02-15T17:41:24.823000Z,2026-02-15T18:43:55.850000Z,2026-02-15T17:41:25.236299Z,529,CPSEFESE,5794,73,Female,White,United Kingdom,United Kingdom,United Kingdom,English,No,"Not in paid work (e.g. homemaker', 'retired or disabled)",N/A,N/A,Pass,N/A,Pass,N/A
699203693555f5ac82ce4c9b,61bb36bc40db417c1a1388fa,APPROVED,Not Applicable,2026-02-15T17:33:39.144000Z,2026-02-15T17:36:18.759000Z,2026-02-15T18:43:56.239000Z,2026-02-15T17:36:19.177153Z,160,CPSEFESE,264,33,Female,White,United Kingdom,United Kingdom,United Kingdom,English,No,Part-Time,Pass,N/A,N/A,N/A,Pass,N/A
699203a457a4b516716b95a2,63ea5b93d1c6d38e1f57dcfa,APPROVED,Not Applicable,2026-02-15T17:34:28.815000Z,2026-02-15T17:38:58.084000Z,2026-02-15T18:42:41.514000Z,2026-02-15T17:38:58.474918Z,270,CPSEFESE,5816,40,Male,White,United States,United States,United States,English,No,Full-Time,N/A,N/A,N/A,Pass,Pass,N/A
699203e5d2c228752a9eee67,5e399832a6df461b2f4db341,APPROVED,Not Applicable,2026-02-15T17:35:40.330000Z,2026-02-15T17:38:57.725000Z,2026-02-15T18:43:56.545000Z,2026-02-15T17:38:58.202526Z,198,CPSEFESE,1985,28,Female,White,United Kingdom,United Kingdom,United Kingdom,English,No,Full-Time,Pass,N/A,N/A,N/A,Pass,N/A
699203fb407ecc48e7af67db,673741d5e8999c8a575d36b1,APPROVED,Not Applicable,2026-02-15T17:36:08.509000Z,2026-02-15T17:40:15.604000Z,2026-02-15T18:43:56.904000Z,2026-02-15T17:40:16.054767Z,248,CPSEFESE,3751,44,Female,White,United Kingdom,United Kingdom,United Kingdom,English,No,Part-Time,N/A,N/A,Pass,N/A,Pass,N/A
6992040eda9bd150501abaeb,66e8661e0c5e57cda7bf2d39,APPROVED,Not Applicable,2026-02-15T17:36:17.793000Z,2026-02-15T17:39:29.112000Z,2026-02-15T18:42:41.767000Z,2026-02-15T17:39:29.570737Z,192,CPSEFESE,5011,28,Male,White,United States,United States,United States,English,No,Full-Time,N/A,N/A,N/A,N/A,N/A,N/A
69920413c92ad6a604247756,62aa52ae32aaffff6bb00cf1,APPROVED,Not Applicable,2026-02-15T17:36:24.970000Z,2026-02-15T17:39:55.025000Z,2026-02-15T18:42:42.028000Z,2026-02-15T17:39:55.478152Z,211,CPSEFESE,800,29,Male,White,United Kingdom,United Kingdom,United Kingdom,English,No,Full-Time,N/A,N/A,Pass,N/A,Pass,N/A
69920458aa559e2adf4858cb,6685cec5c360283099e5bb29,APPROVED,Not Applicable,2026-02-15T17:37:34.371000Z,2026-02-15T17:42:28.834000Z,2026-02-15T18:43:57.262000Z,2026-02-15T17:42:29.300271Z,295,CPSEFESE,5855,53,Female,White,United States,United States,United States,English,No,Part-Time,N/A,N/A,Pass,N/A,Pass,N/A
6992045c8e2f0e59e8ce4c3c,63e2efb080652555c6d566cb,APPROVED,Not Applicable,2026-02-15T17:37:39.171000Z,2026-02-15T17:41:04.988000Z,2026-02-15T18:42:42.327000Z,2026-02-15T17:41:05.386036Z,206,CPSEFESE,7960,56,Male,White,United States,United States,United States,English,No,Full-Time,N/A,Pass,N/A,N/A,Pass,N/A
6992045e34d80a2770005124,61561d1fee6bcf73b3fd03fa,APPROVED,Not Applicable,2026-02-15T17:37:41.319000Z,2026-02-15T17:43:16.492000Z,2026-02-15T18:43:57.592000Z,2026-02-15T17:43:17.001681Z,336,CPSEFESE,355,35,Female,Black,Jamaica,United States,United States,English,No,Full-Time,N/A,N/A,Pass,N/A,Pass,N/A
69920493e669adb826a15186,60bd0d7121702f9b9967b57b,APPROVED,Not Applicable,2026-02-15T17:38:31.990000Z,2026-02-15T17:43:29.462000Z,2026-02-15T18:43:57.854000Z,2026-02-15T17:43:29.911471Z,298,CPSEFESE,2224,50,Female,White,United Kingdom,United Kingdom,United Kingdom,English,DATA_EXPIRED,DATA_EXPIRED,N/A,Pass,N/A,N/A,Pass,N/A
6992065587262b69ae80e998,560f54b3d4ab1e00126fb99f,APPROVED,Not Applicable,2026-02-15T17:46:01.670000Z,2026-02-15T17:50:34.934000Z,2026-02-15T18:42:42.628000Z,2026-02-15T17:50:35.353042Z,274,CPSEFESE,2178,46,Male,Asian,United States,United States,United States,English,No,Unemployed (and job seeking),N/A,N/A,N/A,Pass,Pass,N/A
69920a74a287c037957789b1,698ed2d5d751c2563f5b26e3,APPROVED,Not Applicable,2026-02-15T18:03:38.999000Z,2026-02-15T18:07:39.189000Z,2026-02-15T18:42:42.873000Z,2026-02-15T18:07:39.618483Z,241,CPSEFESE,36,27,Male,White,United States,United States,United States,English,No,Full-Time,N/A,N/A,Pass,N/A,Pass,N/A
69920bd6abdd58010f778980,66d8790772c9e0e4ee96259c,APPROVED,Not Applicable,2026-02-15T18:09:32.258000Z,2026-02-15T18:15:36.762000Z,2026-02-15T18:42:43.170000Z,2026-02-15T18:15:37.439339Z,365,CPSEFESE,8501,45,Male,White,United States,United States,United States,English,No,Full-Time,Pass,N/A,N/A,N/A,Pass,N/A
699211746c2f4058393ed40d,6163d3ea0d13c617bb46c99b,APPROVED,Not Applicable,2026-02-15T18:33:28.184000Z,2026-02-15T18:36:18.235000Z,2026-02-15T18:42:43.479000Z,2026-02-15T18:36:18.889118Z,171,CPSEFESE,7056,46,Male,White,United States,United States,United States,English,No,Part-Time,N/A,N/A,N/A,Pass,Pass,N/A
